fm,to,fm_i,to_i,graph_no
2_0_0,2_0_1,0,1,2_0
3_0_0,3_0_1,0,1,3_0
3_0_0,3_0_2,0,2,3_0
3_1_0,3_1_1,0,1,3_1
3_1_0,3_1_2,0,2,3_1
3_1_1,3_1_2,1,2,3_1
4_0_0,4_0_1,0,1,4_0
4_0_0,4_0_2,0,2,4_0
4_0_0,4_0_3,0,3,4_0
4_1_0,4_1_1,0,1,4_1
4_1_0,4_1_3,0,3,4_1
4_1_1,4_1_2,1,2,4_1
4_2_0,4_2_1,0,1,4_2
4_2_0,4_2_2,0,2,4_2
4_2_0,4_2_3,0,3,4_2
4_2_1,4_2_2,1,2,4_2
4_3_0,4_3_2,0,2,4_3
4_3_0,4_3_3,0,3,4_3
4_3_1,4_3_2,1,2,4_3
4_3_1,4_3_3,1,3,4_3
4_4_0,4_4_1,0,1,4_4
4_4_0,4_4_2,0,2,4_4
4_4_0,4_4_3,0,3,4_4
4_4_1,4_4_2,1,2,4_4
4_4_1,4_4_3,1,3,4_4
4_5_0,4_5_1,0,1,4_5
4_5_0,4_5_2,0,2,4_5
4_5_0,4_5_3,0,3,4_5
4_5_1,4_5_2,1,2,4_5
4_5_1,4_5_3,1,3,4_5
4_5_2,4_5_3,2,3,4_5
5_0_0,5_0_1,0,1,5_0
5_0_0,5_0_2,0,2,5_0
5_0_0,5_0_3,0,3,5_0
5_0_0,5_0_4,0,4,5_0
5_1_0,5_1_1,0,1,5_1
5_1_0,5_1_3,0,3,5_1
5_1_0,5_1_4,0,4,5_1
5_1_1,5_1_2,1,2,5_1
5_2_0,5_2_1,0,1,5_2
5_2_0,5_2_2,0,2,5_2
5_2_0,5_2_3,0,3,5_2
5_2_0,5_2_4,0,4,5_2
5_2_1,5_2_2,1,2,5_2
5_3_0,5_3_2,0,2,5_3
5_3_0,5_3_4,0,4,5_3
5_3_1,5_3_2,1,2,5_3
5_3_1,5_3_3,1,3,5_3
5_4_0,5_4_1,0,1,5_4
5_4_0,5_4_2,0,2,5_4
5_4_0,5_4_4,0,4,5_4
5_4_1,5_4_2,1,2,5_4
5_4_1,5_4_3,1,3,5_4
5_5_0,5_5_2,0,2,5_5
5_5_0,5_5_3,0,3,5_5
5_5_0,5_5_4,0,4,5_5
5_5_1,5_5_2,1,2,5_5
5_5_1,5_5_3,1,3,5_5
5_6_0,5_6_1,0,1,5_6
5_6_0,5_6_2,0,2,5_6
5_6_0,5_6_3,0,3,5_6
5_6_0,5_6_4,0,4,5_6
5_6_1,5_6_2,1,2,5_6
5_6_1,5_6_3,1,3,5_6
5_7_0,5_7_2,0,2,5_7
5_7_0,5_7_3,0,3,5_7
5_7_0,5_7_4,0,4,5_7
5_7_1,5_7_2,1,2,5_7
5_7_1,5_7_3,1,3,5_7
5_7_1,5_7_4,1,4,5_7
5_8_0,5_8_1,0,1,5_8
5_8_0,5_8_2,0,2,5_8
5_8_0,5_8_3,0,3,5_8
5_8_0,5_8_4,0,4,5_8
5_8_1,5_8_2,1,2,5_8
5_8_1,5_8_3,1,3,5_8
5_8_1,5_8_4,1,4,5_8
5_9_0,5_9_1,0,1,5_9
5_9_0,5_9_4,0,4,5_9
5_9_1,5_9_2,1,2,5_9
5_9_1,5_9_3,1,3,5_9
5_9_2,5_9_3,2,3,5_9
5_10_0,5_10_1,0,1,5_10
5_10_0,5_10_2,0,2,5_10
5_10_0,5_10_4,0,4,5_10
5_10_1,5_10_2,1,2,5_10
5_10_1,5_10_3,1,3,5_10
5_10_2,5_10_3,2,3,5_10
5_11_0,5_11_1,0,1,5_11
5_11_0,5_11_2,0,2,5_11
5_11_0,5_11_3,0,3,5_11
5_11_0,5_11_4,0,4,5_11
5_11_1,5_11_2,1,2,5_11
5_11_1,5_11_3,1,3,5_11
5_11_2,5_11_3,2,3,5_11
5_12_0,5_12_1,0,1,5_12
5_12_0,5_12_2,0,2,5_12
5_12_0,5_12_3,0,3,5_12
5_12_0,5_12_4,0,4,5_12
5_12_1,5_12_4,1,4,5_12
5_12_2,5_12_3,2,3,5_12
5_13_0,5_13_3,0,3,5_13
5_13_0,5_13_4,0,4,5_13
5_13_1,5_13_2,1,2,5_13
5_13_1,5_13_4,1,4,5_13
5_13_2,5_13_3,2,3,5_13
5_14_0,5_14_1,0,1,5_14
5_14_0,5_14_3,0,3,5_14
5_14_0,5_14_4,0,4,5_14
5_14_1,5_14_2,1,2,5_14
5_14_1,5_14_4,1,4,5_14
5_14_2,5_14_3,2,3,5_14
5_15_0,5_15_1,0,1,5_15
5_15_0,5_15_2,0,2,5_15
5_15_0,5_15_3,0,3,5_15
5_15_0,5_15_4,0,4,5_15
5_15_1,5_15_2,1,2,5_15
5_15_1,5_15_4,1,4,5_15
5_15_2,5_15_3,2,3,5_15
5_16_0,5_16_2,0,2,5_16
5_16_0,5_16_3,0,3,5_16
5_16_0,5_16_4,0,4,5_16
5_16_1,5_16_2,1,2,5_16
5_16_1,5_16_3,1,3,5_16
5_16_1,5_16_4,1,4,5_16
5_16_2,5_16_3,2,3,5_16
5_17_0,5_17_1,0,1,5_17
5_17_0,5_17_2,0,2,5_17
5_17_0,5_17_3,0,3,5_17
5_17_0,5_17_4,0,4,5_17
5_17_1,5_17_2,1,2,5_17
5_17_1,5_17_3,1,3,5_17
5_17_1,5_17_4,1,4,5_17
5_17_2,5_17_3,2,3,5_17
5_18_0,5_18_1,0,1,5_18
5_18_0,5_18_2,0,2,5_18
5_18_0,5_18_3,0,3,5_18
5_18_0,5_18_4,0,4,5_18
5_18_1,5_18_3,1,3,5_18
5_18_1,5_18_4,1,4,5_18
5_18_2,5_18_3,2,3,5_18
5_18_2,5_18_4,2,4,5_18
5_19_0,5_19_1,0,1,5_19
5_19_0,5_19_2,0,2,5_19
5_19_0,5_19_3,0,3,5_19
5_19_0,5_19_4,0,4,5_19
5_19_1,5_19_2,1,2,5_19
5_19_1,5_19_3,1,3,5_19
5_19_1,5_19_4,1,4,5_19
5_19_2,5_19_3,2,3,5_19
5_19_2,5_19_4,2,4,5_19
5_20_0,5_20_1,0,1,5_20
5_20_0,5_20_2,0,2,5_20
5_20_0,5_20_3,0,3,5_20
5_20_0,5_20_4,0,4,5_20
5_20_1,5_20_2,1,2,5_20
5_20_1,5_20_3,1,3,5_20
5_20_1,5_20_4,1,4,5_20
5_20_2,5_20_3,2,3,5_20
5_20_2,5_20_4,2,4,5_20
5_20_3,5_20_4,3,4,5_20
6_0_0,6_0_1,0,1,6_0
6_0_0,6_0_2,0,2,6_0
6_0_0,6_0_3,0,3,6_0
6_0_0,6_0_4,0,4,6_0
6_0_0,6_0_5,0,5,6_0
6_1_0,6_1_1,0,1,6_1
6_1_0,6_1_3,0,3,6_1
6_1_0,6_1_4,0,4,6_1
6_1_0,6_1_5,0,5,6_1
6_1_1,6_1_2,1,2,6_1
6_2_0,6_2_1,0,1,6_2
6_2_0,6_2_2,0,2,6_2
6_2_0,6_2_3,0,3,6_2
6_2_0,6_2_4,0,4,6_2
6_2_0,6_2_5,0,5,6_2
6_2_1,6_2_2,1,2,6_2
6_3_0,6_3_1,0,1,6_3
6_3_0,6_3_4,0,4,6_3
6_3_0,6_3_5,0,5,6_3
6_3_1,6_3_2,1,2,6_3
6_3_1,6_3_3,1,3,6_3
6_4_0,6_4_2,0,2,6_4
6_4_0,6_4_4,0,4,6_4
6_4_0,6_4_5,0,5,6_4
6_4_1,6_4_2,1,2,6_4
6_4_1,6_4_3,1,3,6_4
6_5_0,6_5_1,0,1,6_5
6_5_0,6_5_2,0,2,6_5
6_5_0,6_5_4,0,4,6_5
6_5_0,6_5_5,0,5,6_5
6_5_1,6_5_2,1,2,6_5
6_5_1,6_5_3,1,3,6_5
6_6_0,6_6_2,0,2,6_6
6_6_0,6_6_3,0,3,6_6
6_6_0,6_6_4,0,4,6_6
6_6_0,6_6_5,0,5,6_6
6_6_1,6_6_2,1,2,6_6
6_6_1,6_6_3,1,3,6_6
6_7_0,6_7_1,0,1,6_7
6_7_0,6_7_2,0,2,6_7
6_7_0,6_7_3,0,3,6_7
6_7_0,6_7_4,0,4,6_7
6_7_0,6_7_5,0,5,6_7
6_7_1,6_7_2,1,2,6_7
6_7_1,6_7_3,1,3,6_7
6_8_0,6_8_2,0,2,6_8
6_8_0,6_8_3,0,3,6_8
6_8_0,6_8_5,0,5,6_8
6_8_1,6_8_2,1,2,6_8
6_8_1,6_8_3,1,3,6_8
6_8_1,6_8_4,1,4,6_8
6_9_0,6_9_1,0,1,6_9
6_9_0,6_9_2,0,2,6_9
6_9_0,6_9_3,0,3,6_9
6_9_0,6_9_5,0,5,6_9
6_9_1,6_9_2,1,2,6_9
6_9_1,6_9_3,1,3,6_9
6_9_1,6_9_4,1,4,6_9
6_10_0,6_10_2,0,2,6_10
6_10_0,6_10_3,0,3,6_10
6_10_0,6_10_4,0,4,6_10
6_10_0,6_10_5,0,5,6_10
6_10_1,6_10_2,1,2,6_10
6_10_1,6_10_3,1,3,6_10
6_10_1,6_10_4,1,4,6_10
6_11_0,6_11_1,0,1,6_11
6_11_0,6_11_2,0,2,6_11
6_11_0,6_11_3,0,3,6_11
6_11_0,6_11_4,0,4,6_11
6_11_0,6_11_5,0,5,6_11
6_11_1,6_11_2,1,2,6_11
6_11_1,6_11_3,1,3,6_11
6_11_1,6_11_4,1,4,6_11
6_12_0,6_12_2,0,2,6_12
6_12_0,6_12_3,0,3,6_12
6_12_0,6_12_4,0,4,6_12
6_12_0,6_12_5,0,5,6_12
6_12_1,6_12_2,1,2,6_12
6_12_1,6_12_3,1,3,6_12
6_12_1,6_12_4,1,4,6_12
6_12_1,6_12_5,1,5,6_12
6_13_0,6_13_1,0,1,6_13
6_13_0,6_13_2,0,2,6_13
6_13_0,6_13_3,0,3,6_13
6_13_0,6_13_4,0,4,6_13
6_13_0,6_13_5,0,5,6_13
6_13_1,6_13_2,1,2,6_13
6_13_1,6_13_3,1,3,6_13
6_13_1,6_13_4,1,4,6_13
6_13_1,6_13_5,1,5,6_13
6_14_0,6_14_1,0,1,6_14
6_14_0,6_14_4,0,4,6_14
6_14_0,6_14_5,0,5,6_14
6_14_1,6_14_2,1,2,6_14
6_14_1,6_14_3,1,3,6_14
6_14_2,6_14_3,2,3,6_14
6_15_0,6_15_1,0,1,6_15
6_15_0,6_15_2,0,2,6_15
6_15_0,6_15_4,0,4,6_15
6_15_0,6_15_5,0,5,6_15
6_15_1,6_15_2,1,2,6_15
6_15_1,6_15_3,1,3,6_15
6_15_2,6_15_3,2,3,6_15
6_16_0,6_16_1,0,1,6_16
6_16_0,6_16_2,0,2,6_16
6_16_0,6_16_3,0,3,6_16
6_16_0,6_16_4,0,4,6_16
6_16_0,6_16_5,0,5,6_16
6_16_1,6_16_2,1,2,6_16
6_16_1,6_16_3,1,3,6_16
6_16_2,6_16_3,2,3,6_16
6_17_0,6_17_1,0,1,6_17
6_17_0,6_17_2,0,2,6_17
6_17_0,6_17_5,0,5,6_17
6_17_1,6_17_4,1,4,6_17
6_17_2,6_17_3,2,3,6_17
6_18_0,6_18_1,0,1,6_18
6_18_0,6_18_2,0,2,6_18
6_18_0,6_18_3,0,3,6_18
6_18_0,6_18_5,0,5,6_18
6_18_1,6_18_4,1,4,6_18
6_18_2,6_18_3,2,3,6_18
6_19_0,6_19_1,0,1,6_19
6_19_0,6_19_2,0,2,6_19
6_19_0,6_19_3,0,3,6_19
6_19_0,6_19_4,0,4,6_19
6_19_0,6_19_5,0,5,6_19
6_19_1,6_19_4,1,4,6_19
6_19_2,6_19_3,2,3,6_19
6_20_0,6_20_1,0,1,6_20
6_20_0,6_20_2,0,2,6_20
6_20_0,6_20_5,0,5,6_20
6_20_1,6_20_2,1,2,6_20
6_20_1,6_20_4,1,4,6_20
6_20_2,6_20_3,2,3,6_20
6_21_0,6_21_3,0,3,6_21
6_21_0,6_21_5,0,5,6_21
6_21_1,6_21_2,1,2,6_21
6_21_1,6_21_4,1,4,6_21
6_21_2,6_21_3,2,3,6_21
6_22_0,6_22_1,0,1,6_22
6_22_0,6_22_3,0,3,6_22
6_22_0,6_22_5,0,5,6_22
6_22_1,6_22_2,1,2,6_22
6_22_1,6_22_4,1,4,6_22
6_22_2,6_22_3,2,3,6_22
6_23_0,6_23_2,0,2,6_23
6_23_0,6_23_3,0,3,6_23
6_23_0,6_23_5,0,5,6_23
6_23_1,6_23_2,1,2,6_23
6_23_1,6_23_4,1,4,6_23
6_23_2,6_23_3,2,3,6_23
6_24_0,6_24_1,0,1,6_24
6_24_0,6_24_2,0,2,6_24
6_24_0,6_24_3,0,3,6_24
6_24_0,6_24_5,0,5,6_24
6_24_1,6_24_2,1,2,6_24
6_24_1,6_24_4,1,4,6_24
6_24_2,6_24_3,2,3,6_24
6_25_0,6_25_3,0,3,6_25
6_25_0,6_25_4,0,4,6_25
6_25_0,6_25_5,0,5,6_25
6_25_1,6_25_2,1,2,6_25
6_25_1,6_25_4,1,4,6_25
6_25_2,6_25_3,2,3,6_25
6_26_0,6_26_1,0,1,6_26
6_26_0,6_26_3,0,3,6_26
6_26_0,6_26_4,0,4,6_26
6_26_0,6_26_5,0,5,6_26
6_26_1,6_26_2,1,2,6_26
6_26_1,6_26_4,1,4,6_26
6_26_2,6_26_3,2,3,6_26
6_27_0,6_27_1,0,1,6_27
6_27_0,6_27_2,0,2,6_27
6_27_0,6_27_3,0,3,6_27
6_27_0,6_27_4,0,4,6_27
6_27_0,6_27_5,0,5,6_27
6_27_1,6_27_2,1,2,6_27
6_27_1,6_27_4,1,4,6_27
6_27_2,6_27_3,2,3,6_27
6_28_0,6_28_2,0,2,6_28
6_28_0,6_28_3,0,3,6_28
6_28_0,6_28_5,0,5,6_28
6_28_1,6_28_2,1,2,6_28
6_28_1,6_28_3,1,3,6_28
6_28_1,6_28_4,1,4,6_28
6_28_2,6_28_3,2,3,6_28
6_29_0,6_29_1,0,1,6_29
6_29_0,6_29_2,0,2,6_29
6_29_0,6_29_3,0,3,6_29
6_29_0,6_29_5,0,5,6_29
6_29_1,6_29_2,1,2,6_29
6_29_1,6_29_3,1,3,6_29
6_29_1,6_29_4,1,4,6_29
6_29_2,6_29_3,2,3,6_29
6_30_0,6_30_4,0,4,6_30
6_30_0,6_30_5,0,5,6_30
6_30_1,6_30_2,1,2,6_30
6_30_1,6_30_3,1,3,6_30
6_30_1,6_30_4,1,4,6_30
6_30_2,6_30_3,2,3,6_30
6_31_0,6_31_1,0,1,6_31
6_31_0,6_31_4,0,4,6_31
6_31_0,6_31_5,0,5,6_31
6_31_1,6_31_2,1,2,6_31
6_31_1,6_31_3,1,3,6_31
6_31_1,6_31_4,1,4,6_31
6_31_2,6_31_3,2,3,6_31
6_32_0,6_32_2,0,2,6_32
6_32_0,6_32_4,0,4,6_32
6_32_0,6_32_5,0,5,6_32
6_32_1,6_32_2,1,2,6_32
6_32_1,6_32_3,1,3,6_32
6_32_1,6_32_4,1,4,6_32
6_32_2,6_32_3,2,3,6_32
6_33_0,6_33_1,0,1,6_33
6_33_0,6_33_2,0,2,6_33
6_33_0,6_33_4,0,4,6_33
6_33_0,6_33_5,0,5,6_33
6_33_1,6_33_2,1,2,6_33
6_33_1,6_33_3,1,3,6_33
6_33_1,6_33_4,1,4,6_33
6_33_2,6_33_3,2,3,6_33
6_34_0,6_34_2,0,2,6_34
6_34_0,6_34_3,0,3,6_34
6_34_0,6_34_4,0,4,6_34
6_34_0,6_34_5,0,5,6_34
6_34_1,6_34_2,1,2,6_34
6_34_1,6_34_3,1,3,6_34
6_34_1,6_34_4,1,4,6_34
6_34_2,6_34_3,2,3,6_34
6_35_0,6_35_1,0,1,6_35
6_35_0,6_35_2,0,2,6_35
6_35_0,6_35_3,0,3,6_35
6_35_0,6_35_4,0,4,6_35
6_35_0,6_35_5,0,5,6_35
6_35_1,6_35_2,1,2,6_35
6_35_1,6_35_3,1,3,6_35
6_35_1,6_35_4,1,4,6_35
6_35_2,6_35_3,2,3,6_35
6_36_0,6_36_2,0,2,6_36
6_36_0,6_36_4,0,4,6_36
6_36_0,6_36_5,0,5,6_36
6_36_1,6_36_4,1,4,6_36
6_36_1,6_36_5,1,5,6_36
6_36_2,6_36_3,2,3,6_36
6_37_0,6_37_1,0,1,6_37
6_37_0,6_37_2,0,2,6_37
6_37_0,6_37_4,0,4,6_37
6_37_0,6_37_5,0,5,6_37
6_37_1,6_37_4,1,4,6_37
6_37_1,6_37_5,1,5,6_37
6_37_2,6_37_3,2,3,6_37
6_38_0,6_38_2,0,2,6_38
6_38_0,6_38_3,0,3,6_38
6_38_0,6_38_4,0,4,6_38
6_38_0,6_38_5,0,5,6_38
6_38_1,6_38_4,1,4,6_38
6_38_1,6_38_5,1,5,6_38
6_38_2,6_38_3,2,3,6_38
6_39_0,6_39_1,0,1,6_39
6_39_0,6_39_2,0,2,6_39
6_39_0,6_39_3,0,3,6_39
6_39_0,6_39_4,0,4,6_39
6_39_0,6_39_5,0,5,6_39
6_39_1,6_39_4,1,4,6_39
6_39_1,6_39_5,1,5,6_39
6_39_2,6_39_3,2,3,6_39
6_40_0,6_40_2,0,2,6_40
6_40_0,6_40_4,0,4,6_40
6_40_0,6_40_5,0,5,6_40
6_40_1,6_40_2,1,2,6_40
6_40_1,6_40_4,1,4,6_40
6_40_1,6_40_5,1,5,6_40
6_40_2,6_40_3,2,3,6_40
6_41_0,6_41_1,0,1,6_41
6_41_0,6_41_2,0,2,6_41
6_41_0,6_41_4,0,4,6_41
6_41_0,6_41_5,0,5,6_41
6_41_1,6_41_2,1,2,6_41
6_41_1,6_41_4,1,4,6_41
6_41_1,6_41_5,1,5,6_41
6_41_2,6_41_3,2,3,6_41
6_42_0,6_42_3,0,3,6_42
6_42_0,6_42_4,0,4,6_42
6_42_0,6_42_5,0,5,6_42
6_42_1,6_42_2,1,2,6_42
6_42_1,6_42_4,1,4,6_42
6_42_1,6_42_5,1,5,6_42
6_42_2,6_42_3,2,3,6_42
6_43_0,6_43_1,0,1,6_43
6_43_0,6_43_3,0,3,6_43
6_43_0,6_43_4,0,4,6_43
6_43_0,6_43_5,0,5,6_43
6_43_1,6_43_2,1,2,6_43
6_43_1,6_43_4,1,4,6_43
6_43_1,6_43_5,1,5,6_43
6_43_2,6_43_3,2,3,6_43
6_44_0,6_44_2,0,2,6_44
6_44_0,6_44_3,0,3,6_44
6_44_0,6_44_4,0,4,6_44
6_44_0,6_44_5,0,5,6_44
6_44_1,6_44_2,1,2,6_44
6_44_1,6_44_4,1,4,6_44
6_44_1,6_44_5,1,5,6_44
6_44_2,6_44_3,2,3,6_44
6_45_0,6_45_1,0,1,6_45
6_45_0,6_45_2,0,2,6_45
6_45_0,6_45_3,0,3,6_45
6_45_0,6_45_4,0,4,6_45
6_45_0,6_45_5,0,5,6_45
6_45_1,6_45_2,1,2,6_45
6_45_1,6_45_4,1,4,6_45
6_45_1,6_45_5,1,5,6_45
6_45_2,6_45_3,2,3,6_45
6_46_0,6_46_2,0,2,6_46
6_46_0,6_46_3,0,3,6_46
6_46_0,6_46_4,0,4,6_46
6_46_0,6_46_5,0,5,6_46
6_46_1,6_46_2,1,2,6_46
6_46_1,6_46_3,1,3,6_46
6_46_1,6_46_4,1,4,6_46
6_46_1,6_46_5,1,5,6_46
6_46_2,6_46_3,2,3,6_46
6_47_0,6_47_1,0,1,6_47
6_47_0,6_47_2,0,2,6_47
6_47_0,6_47_3,0,3,6_47
6_47_0,6_47_4,0,4,6_47
6_47_0,6_47_5,0,5,6_47
6_47_1,6_47_2,1,2,6_47
6_47_1,6_47_3,1,3,6_47
6_47_1,6_47_4,1,4,6_47
6_47_1,6_47_5,1,5,6_47
6_47_2,6_47_3,2,3,6_47
6_48_0,6_48_1,0,1,6_48
6_48_0,6_48_3,0,3,6_48
6_48_0,6_48_5,0,5,6_48
6_48_1,6_48_3,1,3,6_48
6_48_1,6_48_4,1,4,6_48
6_48_2,6_48_3,2,3,6_48
6_48_2,6_48_4,2,4,6_48
6_49_0,6_49_1,0,1,6_49
6_49_0,6_49_2,0,2,6_49
6_49_0,6_49_3,0,3,6_49
6_49_0,6_49_5,0,5,6_49
6_49_1,6_49_3,1,3,6_49
6_49_1,6_49_4,1,4,6_49
6_49_2,6_49_3,2,3,6_49
6_49_2,6_49_4,2,4,6_49
6_50_0,6_50_1,0,1,6_50
6_50_0,6_50_2,0,2,6_50
6_50_0,6_50_3,0,3,6_50
6_50_0,6_50_4,0,4,6_50
6_50_0,6_50_5,0,5,6_50
6_50_1,6_50_3,1,3,6_50
6_50_1,6_50_4,1,4,6_50
6_50_2,6_50_3,2,3,6_50
6_50_2,6_50_4,2,4,6_50
6_51_0,6_51_3,0,3,6_51
6_51_0,6_51_5,0,5,6_51
6_51_1,6_51_2,1,2,6_51
6_51_1,6_51_3,1,3,6_51
6_51_1,6_51_4,1,4,6_51
6_51_2,6_51_3,2,3,6_51
6_51_2,6_51_4,2,4,6_51
6_52_0,6_52_1,0,1,6_52
6_52_0,6_52_3,0,3,6_52
6_52_0,6_52_5,0,5,6_52
6_52_1,6_52_2,1,2,6_52
6_52_1,6_52_3,1,3,6_52
6_52_1,6_52_4,1,4,6_52
6_52_2,6_52_3,2,3,6_52
6_52_2,6_52_4,2,4,6_52
6_53_0,6_53_1,0,1,6_53
6_53_0,6_53_2,0,2,6_53
6_53_0,6_53_3,0,3,6_53
6_53_0,6_53_5,0,5,6_53
6_53_1,6_53_2,1,2,6_53
6_53_1,6_53_3,1,3,6_53
6_53_1,6_53_4,1,4,6_53
6_53_2,6_53_3,2,3,6_53
6_53_2,6_53_4,2,4,6_53
6_54_0,6_54_3,0,3,6_54
6_54_0,6_54_4,0,4,6_54
6_54_0,6_54_5,0,5,6_54
6_54_1,6_54_2,1,2,6_54
6_54_1,6_54_3,1,3,6_54
6_54_1,6_54_4,1,4,6_54
6_54_2,6_54_3,2,3,6_54
6_54_2,6_54_4,2,4,6_54
6_55_0,6_55_1,0,1,6_55
6_55_0,6_55_3,0,3,6_55
6_55_0,6_55_4,0,4,6_55
6_55_0,6_55_5,0,5,6_55
6_55_1,6_55_2,1,2,6_55
6_55_1,6_55_3,1,3,6_55
6_55_1,6_55_4,1,4,6_55
6_55_2,6_55_3,2,3,6_55
6_55_2,6_55_4,2,4,6_55
6_56_0,6_56_1,0,1,6_56
6_56_0,6_56_2,0,2,6_56
6_56_0,6_56_3,0,3,6_56
6_56_0,6_56_4,0,4,6_56
6_56_0,6_56_5,0,5,6_56
6_56_1,6_56_2,1,2,6_56
6_56_1,6_56_3,1,3,6_56
6_56_1,6_56_4,1,4,6_56
6_56_2,6_56_3,2,3,6_56
6_56_2,6_56_4,2,4,6_56
6_57_0,6_57_4,0,4,6_57
6_57_0,6_57_5,0,5,6_57
6_57_1,6_57_3,1,3,6_57
6_57_1,6_57_5,1,5,6_57
6_57_2,6_57_3,2,3,6_57
6_57_2,6_57_4,2,4,6_57
6_58_0,6_58_1,0,1,6_58
6_58_0,6_58_4,0,4,6_58
6_58_0,6_58_5,0,5,6_58
6_58_1,6_58_3,1,3,6_58
6_58_1,6_58_5,1,5,6_58
6_58_2,6_58_3,2,3,6_58
6_58_2,6_58_4,2,4,6_58
6_59_0,6_59_1,0,1,6_59
6_59_0,6_59_2,0,2,6_59
6_59_0,6_59_4,0,4,6_59
6_59_0,6_59_5,0,5,6_59
6_59_1,6_59_3,1,3,6_59
6_59_1,6_59_5,1,5,6_59
6_59_2,6_59_3,2,3,6_59
6_59_2,6_59_4,2,4,6_59
6_60_0,6_60_3,0,3,6_60
6_60_0,6_60_4,0,4,6_60
6_60_0,6_60_5,0,5,6_60
6_60_1,6_60_3,1,3,6_60
6_60_1,6_60_5,1,5,6_60
6_60_2,6_60_3,2,3,6_60
6_60_2,6_60_4,2,4,6_60
6_61_0,6_61_1,0,1,6_61
6_61_0,6_61_3,0,3,6_61
6_61_0,6_61_4,0,4,6_61
6_61_0,6_61_5,0,5,6_61
6_61_1,6_61_3,1,3,6_61
6_61_1,6_61_5,1,5,6_61
6_61_2,6_61_3,2,3,6_61
6_61_2,6_61_4,2,4,6_61
6_62_0,6_62_1,0,1,6_62
6_62_0,6_62_2,0,2,6_62
6_62_0,6_62_3,0,3,6_62
6_62_0,6_62_4,0,4,6_62
6_62_0,6_62_5,0,5,6_62
6_62_1,6_62_3,1,3,6_62
6_62_1,6_62_5,1,5,6_62
6_62_2,6_62_3,2,3,6_62
6_62_2,6_62_4,2,4,6_62
6_63_0,6_63_1,0,1,6_63
6_63_0,6_63_2,0,2,6_63
6_63_0,6_63_4,0,4,6_63
6_63_0,6_63_5,0,5,6_63
6_63_1,6_63_2,1,2,6_63
6_63_1,6_63_3,1,3,6_63
6_63_1,6_63_5,1,5,6_63
6_63_2,6_63_3,2,3,6_63
6_63_2,6_63_4,2,4,6_63
6_64_0,6_64_3,0,3,6_64
6_64_0,6_64_4,0,4,6_64
6_64_0,6_64_5,0,5,6_64
6_64_1,6_64_2,1,2,6_64
6_64_1,6_64_3,1,3,6_64
6_64_1,6_64_5,1,5,6_64
6_64_2,6_64_3,2,3,6_64
6_64_2,6_64_4,2,4,6_64
6_65_0,6_65_1,0,1,6_65
6_65_0,6_65_3,0,3,6_65
6_65_0,6_65_4,0,4,6_65
6_65_0,6_65_5,0,5,6_65
6_65_1,6_65_2,1,2,6_65
6_65_1,6_65_3,1,3,6_65
6_65_1,6_65_5,1,5,6_65
6_65_2,6_65_3,2,3,6_65
6_65_2,6_65_4,2,4,6_65
6_66_0,6_66_1,0,1,6_66
6_66_0,6_66_2,0,2,6_66
6_66_0,6_66_3,0,3,6_66
6_66_0,6_66_4,0,4,6_66
6_66_0,6_66_5,0,5,6_66
6_66_1,6_66_2,1,2,6_66
6_66_1,6_66_3,1,3,6_66
6_66_1,6_66_5,1,5,6_66
6_66_2,6_66_3,2,3,6_66
6_66_2,6_66_4,2,4,6_66
6_67_0,6_67_3,0,3,6_67
6_67_0,6_67_4,0,4,6_67
6_67_0,6_67_5,0,5,6_67
6_67_1,6_67_3,1,3,6_67
6_67_1,6_67_4,1,4,6_67
6_67_1,6_67_5,1,5,6_67
6_67_2,6_67_3,2,3,6_67
6_67_2,6_67_4,2,4,6_67
6_68_0,6_68_1,0,1,6_68
6_68_0,6_68_3,0,3,6_68
6_68_0,6_68_4,0,4,6_68
6_68_0,6_68_5,0,5,6_68
6_68_1,6_68_3,1,3,6_68
6_68_1,6_68_4,1,4,6_68
6_68_1,6_68_5,1,5,6_68
6_68_2,6_68_3,2,3,6_68
6_68_2,6_68_4,2,4,6_68
6_69_0,6_69_2,0,2,6_69
6_69_0,6_69_3,0,3,6_69
6_69_0,6_69_4,0,4,6_69
6_69_0,6_69_5,0,5,6_69
6_69_1,6_69_3,1,3,6_69
6_69_1,6_69_4,1,4,6_69
6_69_1,6_69_5,1,5,6_69
6_69_2,6_69_3,2,3,6_69
6_69_2,6_69_4,2,4,6_69
6_70_0,6_70_1,0,1,6_70
6_70_0,6_70_2,0,2,6_70
6_70_0,6_70_3,0,3,6_70
6_70_0,6_70_4,0,4,6_70
6_70_0,6_70_5,0,5,6_70
6_70_1,6_70_3,1,3,6_70
6_70_1,6_70_4,1,4,6_70
6_70_1,6_70_5,1,5,6_70
6_70_2,6_70_3,2,3,6_70
6_70_2,6_70_4,2,4,6_70
6_71_0,6_71_2,0,2,6_71
6_71_0,6_71_3,0,3,6_71
6_71_0,6_71_4,0,4,6_71
6_71_0,6_71_5,0,5,6_71
6_71_1,6_71_2,1,2,6_71
6_71_1,6_71_3,1,3,6_71
6_71_1,6_71_4,1,4,6_71
6_71_1,6_71_5,1,5,6_71
6_71_2,6_71_3,2,3,6_71
6_71_2,6_71_4,2,4,6_71
6_72_0,6_72_1,0,1,6_72
6_72_0,6_72_2,0,2,6_72
6_72_0,6_72_3,0,3,6_72
6_72_0,6_72_4,0,4,6_72
6_72_0,6_72_5,0,5,6_72
6_72_1,6_72_2,1,2,6_72
6_72_1,6_72_3,1,3,6_72
6_72_1,6_72_4,1,4,6_72
6_72_1,6_72_5,1,5,6_72
6_72_2,6_72_3,2,3,6_72
6_72_2,6_72_4,2,4,6_72
6_73_0,6_73_3,0,3,6_73
6_73_0,6_73_4,0,4,6_73
6_73_0,6_73_5,0,5,6_73
6_73_1,6_73_3,1,3,6_73
6_73_1,6_73_4,1,4,6_73
6_73_1,6_73_5,1,5,6_73
6_73_2,6_73_3,2,3,6_73
6_73_2,6_73_4,2,4,6_73
6_73_2,6_73_5,2,5,6_73
6_74_0,6_74_1,0,1,6_74
6_74_0,6_74_3,0,3,6_74
6_74_0,6_74_4,0,4,6_74
6_74_0,6_74_5,0,5,6_74
6_74_1,6_74_3,1,3,6_74
6_74_1,6_74_4,1,4,6_74
6_74_1,6_74_5,1,5,6_74
6_74_2,6_74_3,2,3,6_74
6_74_2,6_74_4,2,4,6_74
6_74_2,6_74_5,2,5,6_74
6_75_0,6_75_1,0,1,6_75
6_75_0,6_75_2,0,2,6_75
6_75_0,6_75_3,0,3,6_75
6_75_0,6_75_4,0,4,6_75
6_75_0,6_75_5,0,5,6_75
6_75_1,6_75_3,1,3,6_75
6_75_1,6_75_4,1,4,6_75
6_75_1,6_75_5,1,5,6_75
6_75_2,6_75_3,2,3,6_75
6_75_2,6_75_4,2,4,6_75
6_75_2,6_75_5,2,5,6_75
6_76_0,6_76_1,0,1,6_76
6_76_0,6_76_2,0,2,6_76
6_76_0,6_76_3,0,3,6_76
6_76_0,6_76_4,0,4,6_76
6_76_0,6_76_5,0,5,6_76
6_76_1,6_76_2,1,2,6_76
6_76_1,6_76_3,1,3,6_76
6_76_1,6_76_4,1,4,6_76
6_76_1,6_76_5,1,5,6_76
6_76_2,6_76_3,2,3,6_76
6_76_2,6_76_4,2,4,6_76
6_76_2,6_76_5,2,5,6_76
6_77_0,6_77_1,0,1,6_77
6_77_0,6_77_5,0,5,6_77
6_77_1,6_77_2,1,2,6_77
6_77_1,6_77_3,1,3,6_77
6_77_1,6_77_4,1,4,6_77
6_77_2,6_77_3,2,3,6_77
6_77_2,6_77_4,2,4,6_77
6_77_3,6_77_4,3,4,6_77
6_78_0,6_78_1,0,1,6_78
6_78_0,6_78_2,0,2,6_78
6_78_0,6_78_5,0,5,6_78
6_78_1,6_78_2,1,2,6_78
6_78_1,6_78_3,1,3,6_78
6_78_1,6_78_4,1,4,6_78
6_78_2,6_78_3,2,3,6_78
6_78_2,6_78_4,2,4,6_78
6_78_3,6_78_4,3,4,6_78
6_79_0,6_79_1,0,1,6_79
6_79_0,6_79_2,0,2,6_79
6_79_0,6_79_3,0,3,6_79
6_79_0,6_79_5,0,5,6_79
6_79_1,6_79_2,1,2,6_79
6_79_1,6_79_3,1,3,6_79
6_79_1,6_79_4,1,4,6_79
6_79_2,6_79_3,2,3,6_79
6_79_2,6_79_4,2,4,6_79
6_79_3,6_79_4,3,4,6_79
6_80_0,6_80_1,0,1,6_80
6_80_0,6_80_2,0,2,6_80
6_80_0,6_80_3,0,3,6_80
6_80_0,6_80_4,0,4,6_80
6_80_0,6_80_5,0,5,6_80
6_80_1,6_80_2,1,2,6_80
6_80_1,6_80_3,1,3,6_80
6_80_1,6_80_4,1,4,6_80
6_80_2,6_80_3,2,3,6_80
6_80_2,6_80_4,2,4,6_80
6_80_3,6_80_4,3,4,6_80
6_81_0,6_81_1,0,1,6_81
6_81_0,6_81_2,0,2,6_81
6_81_0,6_81_5,0,5,6_81
6_81_1,6_81_5,1,5,6_81
6_81_2,6_81_3,2,3,6_81
6_81_2,6_81_4,2,4,6_81
6_81_3,6_81_4,3,4,6_81
6_82_0,6_82_1,0,1,6_82
6_82_0,6_82_2,0,2,6_82
6_82_0,6_82_3,0,3,6_82
6_82_0,6_82_5,0,5,6_82
6_82_1,6_82_5,1,5,6_82
6_82_2,6_82_3,2,3,6_82
6_82_2,6_82_4,2,4,6_82
6_82_3,6_82_4,3,4,6_82
6_83_0,6_83_1,0,1,6_83
6_83_0,6_83_2,0,2,6_83
6_83_0,6_83_3,0,3,6_83
6_83_0,6_83_4,0,4,6_83
6_83_0,6_83_5,0,5,6_83
6_83_1,6_83_5,1,5,6_83
6_83_2,6_83_3,2,3,6_83
6_83_2,6_83_4,2,4,6_83
6_83_3,6_83_4,3,4,6_83
6_84_0,6_84_1,0,1,6_84
6_84_0,6_84_3,0,3,6_84
6_84_0,6_84_5,0,5,6_84
6_84_1,6_84_2,1,2,6_84
6_84_1,6_84_5,1,5,6_84
6_84_2,6_84_3,2,3,6_84
6_84_2,6_84_4,2,4,6_84
6_84_3,6_84_4,3,4,6_84
6_85_0,6_85_1,0,1,6_85
6_85_0,6_85_2,0,2,6_85
6_85_0,6_85_3,0,3,6_85
6_85_0,6_85_5,0,5,6_85
6_85_1,6_85_2,1,2,6_85
6_85_1,6_85_5,1,5,6_85
6_85_2,6_85_3,2,3,6_85
6_85_2,6_85_4,2,4,6_85
6_85_3,6_85_4,3,4,6_85
6_86_0,6_86_3,0,3,6_86
6_86_0,6_86_4,0,4,6_86
6_86_0,6_86_5,0,5,6_86
6_86_1,6_86_2,1,2,6_86
6_86_1,6_86_5,1,5,6_86
6_86_2,6_86_3,2,3,6_86
6_86_2,6_86_4,2,4,6_86
6_86_3,6_86_4,3,4,6_86
6_87_0,6_87_1,0,1,6_87
6_87_0,6_87_3,0,3,6_87
6_87_0,6_87_4,0,4,6_87
6_87_0,6_87_5,0,5,6_87
6_87_1,6_87_2,1,2,6_87
6_87_1,6_87_5,1,5,6_87
6_87_2,6_87_3,2,3,6_87
6_87_2,6_87_4,2,4,6_87
6_87_3,6_87_4,3,4,6_87
6_88_0,6_88_2,0,2,6_88
6_88_0,6_88_3,0,3,6_88
6_88_0,6_88_4,0,4,6_88
6_88_0,6_88_5,0,5,6_88
6_88_1,6_88_2,1,2,6_88
6_88_1,6_88_5,1,5,6_88
6_88_2,6_88_3,2,3,6_88
6_88_2,6_88_4,2,4,6_88
6_88_3,6_88_4,3,4,6_88
6_89_0,6_89_1,0,1,6_89
6_89_0,6_89_2,0,2,6_89
6_89_0,6_89_3,0,3,6_89
6_89_0,6_89_4,0,4,6_89
6_89_0,6_89_5,0,5,6_89
6_89_1,6_89_2,1,2,6_89
6_89_1,6_89_5,1,5,6_89
6_89_2,6_89_3,2,3,6_89
6_89_2,6_89_4,2,4,6_89
6_89_3,6_89_4,3,4,6_89
6_90_0,6_90_1,0,1,6_90
6_90_0,6_90_2,0,2,6_90
6_90_0,6_90_3,0,3,6_90
6_90_0,6_90_5,0,5,6_90
6_90_1,6_90_2,1,2,6_90
6_90_1,6_90_3,1,3,6_90
6_90_1,6_90_5,1,5,6_90
6_90_2,6_90_3,2,3,6_90
6_90_2,6_90_4,2,4,6_90
6_90_3,6_90_4,3,4,6_90
6_91_0,6_91_2,0,2,6_91
6_91_0,6_91_4,0,4,6_91
6_91_0,6_91_5,0,5,6_91
6_91_1,6_91_2,1,2,6_91
6_91_1,6_91_3,1,3,6_91
6_91_1,6_91_5,1,5,6_91
6_91_2,6_91_3,2,3,6_91
6_91_2,6_91_4,2,4,6_91
6_91_3,6_91_4,3,4,6_91
6_92_0,6_92_1,0,1,6_92
6_92_0,6_92_2,0,2,6_92
6_92_0,6_92_4,0,4,6_92
6_92_0,6_92_5,0,5,6_92
6_92_1,6_92_2,1,2,6_92
6_92_1,6_92_3,1,3,6_92
6_92_1,6_92_5,1,5,6_92
6_92_2,6_92_3,2,3,6_92
6_92_2,6_92_4,2,4,6_92
6_92_3,6_92_4,3,4,6_92
6_93_0,6_93_2,0,2,6_93
6_93_0,6_93_3,0,3,6_93
6_93_0,6_93_4,0,4,6_93
6_93_0,6_93_5,0,5,6_93
6_93_1,6_93_2,1,2,6_93
6_93_1,6_93_3,1,3,6_93
6_93_1,6_93_5,1,5,6_93
6_93_2,6_93_3,2,3,6_93
6_93_2,6_93_4,2,4,6_93
6_93_3,6_93_4,3,4,6_93
6_94_0,6_94_1,0,1,6_94
6_94_0,6_94_2,0,2,6_94
6_94_0,6_94_3,0,3,6_94
6_94_0,6_94_4,0,4,6_94
6_94_0,6_94_5,0,5,6_94
6_94_1,6_94_2,1,2,6_94
6_94_1,6_94_3,1,3,6_94
6_94_1,6_94_5,1,5,6_94
6_94_2,6_94_3,2,3,6_94
6_94_2,6_94_4,2,4,6_94
6_94_3,6_94_4,3,4,6_94
6_95_0,6_95_2,0,2,6_95
6_95_0,6_95_3,0,3,6_95
6_95_0,6_95_4,0,4,6_95
6_95_0,6_95_5,0,5,6_95
6_95_1,6_95_2,1,2,6_95
6_95_1,6_95_3,1,3,6_95
6_95_1,6_95_4,1,4,6_95
6_95_1,6_95_5,1,5,6_95
6_95_2,6_95_3,2,3,6_95
6_95_2,6_95_4,2,4,6_95
6_95_3,6_95_4,3,4,6_95
6_96_0,6_96_1,0,1,6_96
6_96_0,6_96_2,0,2,6_96
6_96_0,6_96_3,0,3,6_96
6_96_0,6_96_4,0,4,6_96
6_96_0,6_96_5,0,5,6_96
6_96_1,6_96_2,1,2,6_96
6_96_1,6_96_3,1,3,6_96
6_96_1,6_96_4,1,4,6_96
6_96_1,6_96_5,1,5,6_96
6_96_2,6_96_3,2,3,6_96
6_96_2,6_96_4,2,4,6_96
6_96_3,6_96_4,3,4,6_96
6_97_0,6_97_2,0,2,6_97
6_97_0,6_97_3,0,3,6_97
6_97_0,6_97_4,0,4,6_97
6_97_0,6_97_5,0,5,6_97
6_97_1,6_97_2,1,2,6_97
6_97_1,6_97_3,1,3,6_97
6_97_1,6_97_4,1,4,6_97
6_97_1,6_97_5,1,5,6_97
6_97_2,6_97_5,2,5,6_97
6_97_3,6_97_4,3,4,6_97
6_98_0,6_98_1,0,1,6_98
6_98_0,6_98_2,0,2,6_98
6_98_0,6_98_3,0,3,6_98
6_98_0,6_98_4,0,4,6_98
6_98_0,6_98_5,0,5,6_98
6_98_1,6_98_2,1,2,6_98
6_98_1,6_98_3,1,3,6_98
6_98_1,6_98_4,1,4,6_98
6_98_1,6_98_5,1,5,6_98
6_98_2,6_98_5,2,5,6_98
6_98_3,6_98_4,3,4,6_98
6_99_0,6_99_1,0,1,6_99
6_99_0,6_99_2,0,2,6_99
6_99_0,6_99_3,0,3,6_99
6_99_0,6_99_4,0,4,6_99
6_99_0,6_99_5,0,5,6_99
6_99_1,6_99_4,1,4,6_99
6_99_1,6_99_5,1,5,6_99
6_99_2,6_99_3,2,3,6_99
6_99_2,6_99_5,2,5,6_99
6_99_3,6_99_4,3,4,6_99
6_100_0,6_100_3,0,3,6_100
6_100_0,6_100_4,0,4,6_100
6_100_0,6_100_5,0,5,6_100
6_100_1,6_100_2,1,2,6_100
6_100_1,6_100_4,1,4,6_100
6_100_1,6_100_5,1,5,6_100
6_100_2,6_100_3,2,3,6_100
6_100_2,6_100_5,2,5,6_100
6_100_3,6_100_4,3,4,6_100
6_101_0,6_101_1,0,1,6_101
6_101_0,6_101_3,0,3,6_101
6_101_0,6_101_4,0,4,6_101
6_101_0,6_101_5,0,5,6_101
6_101_1,6_101_2,1,2,6_101
6_101_1,6_101_4,1,4,6_101
6_101_1,6_101_5,1,5,6_101
6_101_2,6_101_3,2,3,6_101
6_101_2,6_101_5,2,5,6_101
6_101_3,6_101_4,3,4,6_101
6_102_0,6_102_1,0,1,6_102
6_102_0,6_102_2,0,2,6_102
6_102_0,6_102_3,0,3,6_102
6_102_0,6_102_4,0,4,6_102
6_102_0,6_102_5,0,5,6_102
6_102_1,6_102_2,1,2,6_102
6_102_1,6_102_4,1,4,6_102
6_102_1,6_102_5,1,5,6_102
6_102_2,6_102_3,2,3,6_102
6_102_2,6_102_5,2,5,6_102
6_102_3,6_102_4,3,4,6_102
6_103_0,6_103_2,0,2,6_103
6_103_0,6_103_3,0,3,6_103
6_103_0,6_103_4,0,4,6_103
6_103_0,6_103_5,0,5,6_103
6_103_1,6_103_2,1,2,6_103
6_103_1,6_103_3,1,3,6_103
6_103_1,6_103_4,1,4,6_103
6_103_1,6_103_5,1,5,6_103
6_103_2,6_103_3,2,3,6_103
6_103_2,6_103_5,2,5,6_103
6_103_3,6_103_4,3,4,6_103
6_104_0,6_104_1,0,1,6_104
6_104_0,6_104_2,0,2,6_104
6_104_0,6_104_3,0,3,6_104
6_104_0,6_104_4,0,4,6_104
6_104_0,6_104_5,0,5,6_104
6_104_1,6_104_2,1,2,6_104
6_104_1,6_104_3,1,3,6_104
6_104_1,6_104_4,1,4,6_104
6_104_1,6_104_5,1,5,6_104
6_104_2,6_104_3,2,3,6_104
6_104_2,6_104_5,2,5,6_104
6_104_3,6_104_4,3,4,6_104
6_105_0,6_105_1,0,1,6_105
6_105_0,6_105_3,0,3,6_105
6_105_0,6_105_4,0,4,6_105
6_105_0,6_105_5,0,5,6_105
6_105_1,6_105_3,1,3,6_105
6_105_1,6_105_4,1,4,6_105
6_105_1,6_105_5,1,5,6_105
6_105_2,6_105_3,2,3,6_105
6_105_2,6_105_4,2,4,6_105
6_105_2,6_105_5,2,5,6_105
6_105_3,6_105_4,3,4,6_105
6_106_0,6_106_1,0,1,6_106
6_106_0,6_106_2,0,2,6_106
6_106_0,6_106_3,0,3,6_106
6_106_0,6_106_4,0,4,6_106
6_106_0,6_106_5,0,5,6_106
6_106_1,6_106_3,1,3,6_106
6_106_1,6_106_4,1,4,6_106
6_106_1,6_106_5,1,5,6_106
6_106_2,6_106_3,2,3,6_106
6_106_2,6_106_4,2,4,6_106
6_106_2,6_106_5,2,5,6_106
6_106_3,6_106_4,3,4,6_106
6_107_0,6_107_1,0,1,6_107
6_107_0,6_107_2,0,2,6_107
6_107_0,6_107_3,0,3,6_107
6_107_0,6_107_4,0,4,6_107
6_107_0,6_107_5,0,5,6_107
6_107_1,6_107_2,1,2,6_107
6_107_1,6_107_3,1,3,6_107
6_107_1,6_107_4,1,4,6_107
6_107_1,6_107_5,1,5,6_107
6_107_2,6_107_3,2,3,6_107
6_107_2,6_107_4,2,4,6_107
6_107_2,6_107_5,2,5,6_107
6_107_3,6_107_4,3,4,6_107
6_108_0,6_108_2,0,2,6_108
6_108_0,6_108_3,0,3,6_108
6_108_0,6_108_4,0,4,6_108
6_108_0,6_108_5,0,5,6_108
6_108_1,6_108_2,1,2,6_108
6_108_1,6_108_3,1,3,6_108
6_108_1,6_108_4,1,4,6_108
6_108_1,6_108_5,1,5,6_108
6_108_2,6_108_4,2,4,6_108
6_108_2,6_108_5,2,5,6_108
6_108_3,6_108_4,3,4,6_108
6_108_3,6_108_5,3,5,6_108
6_109_0,6_109_1,0,1,6_109
6_109_0,6_109_2,0,2,6_109
6_109_0,6_109_3,0,3,6_109
6_109_0,6_109_4,0,4,6_109
6_109_0,6_109_5,0,5,6_109
6_109_1,6_109_2,1,2,6_109
6_109_1,6_109_3,1,3,6_109
6_109_1,6_109_4,1,4,6_109
6_109_1,6_109_5,1,5,6_109
6_109_2,6_109_4,2,4,6_109
6_109_2,6_109_5,2,5,6_109
6_109_3,6_109_4,3,4,6_109
6_109_3,6_109_5,3,5,6_109
6_110_0,6_110_1,0,1,6_110
6_110_0,6_110_2,0,2,6_110
6_110_0,6_110_3,0,3,6_110
6_110_0,6_110_4,0,4,6_110
6_110_0,6_110_5,0,5,6_110
6_110_1,6_110_2,1,2,6_110
6_110_1,6_110_3,1,3,6_110
6_110_1,6_110_4,1,4,6_110
6_110_1,6_110_5,1,5,6_110
6_110_2,6_110_3,2,3,6_110
6_110_2,6_110_4,2,4,6_110
6_110_2,6_110_5,2,5,6_110
6_110_3,6_110_4,3,4,6_110
6_110_3,6_110_5,3,5,6_110
6_111_0,6_111_1,0,1,6_111
6_111_0,6_111_2,0,2,6_111
6_111_0,6_111_3,0,3,6_111
6_111_0,6_111_4,0,4,6_111
6_111_0,6_111_5,0,5,6_111
6_111_1,6_111_2,1,2,6_111
6_111_1,6_111_3,1,3,6_111
6_111_1,6_111_4,1,4,6_111
6_111_1,6_111_5,1,5,6_111
6_111_2,6_111_3,2,3,6_111
6_111_2,6_111_4,2,4,6_111
6_111_2,6_111_5,2,5,6_111
6_111_3,6_111_4,3,4,6_111
6_111_3,6_111_5,3,5,6_111
6_111_4,6_111_5,4,5,6_111
