西元日期,星期,是否放假,備註
20260101,四,2,開國紀念日
20260102,五,0,
20260103,六,2,
20260104,日,2,
20260105,一,0,
20260106,二,0,
20260107,三,0,
20260108,四,0,
20260109,五,0,
20260110,六,2,
20260111,日,2,
20260112,一,0,
20260113,二,0,
20260114,三,0,
20260115,四,0,
20260116,五,0,
20260117,六,2,
20260118,日,2,
20260119,一,0,
20260120,二,0,
20260121,三,0,
20260122,四,0,
20260123,五,0,
20260124,六,2,
20260125,日,2,
20260126,一,0,
20260127,二,0,
20260128,三,0,
20260129,四,0,
20260130,五,0,
20260131,六,2,
20260201,日,2,
20260202,一,0,
20260203,二,0,
20260204,三,0,
20260205,四,0,
20260206,五,0,
20260207,六,2,
20260208,日,2,
20260209,一,0,
20260210,二,0,
20260211,三,0,
20260212,四,0,
20260213,五,0,
20260214,六,2,
20260215,日,2,小年夜
20260216,一,2,農曆除夕
20260217,二,2,春節
20260218,三,2,春節
20260219,四,2,春節
20260220,五,2,補假
20260221,六,2,
20260222,日,2,
20260223,一,0,
20260224,二,0,
20260225,三,0,
20260226,四,0,
20260227,五,2,補假
20260228,六,2,和平紀念日
20260301,日,2,
20260302,一,0,
20260303,二,0,
20260304,三,0,
20260305,四,0,
20260306,五,0,
20260307,六,2,
20260308,日,2,
20260309,一,0,
20260310,二,0,
20260311,三,0,
20260312,四,0,
20260313,五,0,
20260314,六,2,
20260315,日,2,
20260316,一,0,
20260317,二,0,
20260318,三,0,
20260319,四,0,
20260320,五,0,
20260321,六,2,
20260322,日,2,
20260323,一,0,
20260324,二,0,
20260325,三,0,
20260326,四,0,
20260327,五,0,
20260328,六,2,
20260329,日,2,
20260330,一,0,
20260331,二,0,
20260401,三,0,
20260402,四,0,
20260403,五,2,補假
20260404,六,2,兒童節
20260405,日,2,清明節
20260406,一,2,補假
20260407,二,0,
20260408,三,0,
20260409,四,0,
20260410,五,0,
20260411,六,2,
20260412,日,2,
20260413,一,0,
20260414,二,0,
20260415,三,0,
20260416,四,0,
20260417,五,0,
20260418,六,2,
20260419,日,2,
20260420,一,0,
20260421,二,0,
20260422,三,0,
20260423,四,0,
20260424,五,0,
20260425,六,2,
20260426,日,2,
20260427,一,0,
20260428,二,0,
20260429,三,0,
20260430,四,0,
20260501,五,2,勞動節
20260502,六,2,
20260503,日,2,
20260504,一,0,
20260505,二,0,
20260506,三,0,
20260507,四,0,
20260508,五,0,
20260509,六,2,
20260510,日,2,
20260511,一,0,
20260512,二,0,
20260513,三,0,
20260514,四,0,
20260515,五,0,
20260516,六,2,
20260517,日,2,
20260518,一,0,
20260519,二,0,
20260520,三,0,
20260521,四,0,
20260522,五,0,
20260523,六,2,
20260524,日,2,
20260525,一,0,
20260526,二,0,
20260527,三,0,
20260528,四,0,
20260529,五,0,
20260530,六,2,
20260531,日,2,
20260601,一,0,
20260602,二,0,
20260603,三,0,
20260604,四,0,
20260605,五,0,
20260606,六,2,
20260607,日,2,
20260608,一,0,
20260609,二,0,
20260610,三,0,
20260611,四,0,
20260612,五,0,
20260613,六,2,
20260614,日,2,
20260615,一,0,
20260616,二,0,
20260617,三,0,
20260618,四,0,
20260619,五,2,端午節
20260620,六,2,
20260621,日,2,
20260622,一,0,
20260623,二,0,
20260624,三,0,
20260625,四,0,
20260626,五,0,
20260627,六,2,
20260628,日,2,
20260629,一,0,
20260630,二,0,
20260701,三,0,
20260702,四,0,
20260703,五,0,
20260704,六,2,
20260705,日,2,
20260706,一,0,
20260707,二,0,
20260708,三,0,
20260709,四,0,
20260710,五,0,
20260711,六,2,
20260712,日,2,
20260713,一,0,
20260714,二,0,
20260715,三,0,
20260716,四,0,
20260717,五,0,
20260718,六,2,
20260719,日,2,
20260720,一,0,
20260721,二,0,
20260722,三,0,
20260723,四,0,
20260724,五,0,
20260725,六,2,
20260726,日,2,
20260727,一,0,
20260728,二,0,
20260729,三,0,
20260730,四,0,
20260731,五,0,
20260801,六,2,
20260802,日,2,
20260803,一,0,
20260804,二,0,
20260805,三,0,
20260806,四,0,
20260807,五,0,
20260808,六,2,
20260809,日,2,
20260810,一,0,
20260811,二,0,
20260812,三,0,
20260813,四,0,
20260814,五,0,
20260815,六,2,
20260816,日,2,
20260817,一,0,
20260818,二,0,
20260819,三,0,
20260820,四,0,
20260821,五,0,
20260822,六,2,
20260823,日,2,
20260824,一,0,
20260825,二,0,
20260826,三,0,
20260827,四,0,
20260828,五,0,
20260829,六,2,
20260830,日,2,
20260831,一,0,
20260901,二,0,
20260902,三,0,
20260903,四,0,
20260904,五,0,
20260905,六,2,
20260906,日,2,
20260907,一,0,
20260908,二,0,
20260909,三,0,
20260910,四,0,
20260911,五,0,
20260912,六,2,
20260913,日,2,
20260914,一,0,
20260915,二,0,
20260916,三,0,
20260917,四,0,
20260918,五,0,
20260919,六,2,
20260920,日,2,
20260921,一,0,
20260922,二,0,
20260923,三,0,
20260924,四,0,
20260925,五,2,中秋節
20260926,六,2,
20260927,日,2,
20260928,一,2,孔子誕辰紀念日/教師節
20260929,二,0,
20260930,三,0,
20261001,四,0,
20261002,五,0,
20261003,六,2,
20261004,日,2,
20261005,一,0,
20261006,二,0,
20261007,三,0,
20261008,四,0,
20261009,五,2,補假
20261010,六,2,國慶日
20261011,日,2,
20261012,一,0,
20261013,二,0,
20261014,三,0,
20261015,四,0,
20261016,五,0,
20261017,六,2,
20261018,日,2,
20261019,一,0,
20261020,二,0,
20261021,三,0,
20261022,四,0,
20261023,五,0,
20261024,六,2,
20261025,日,2,臺灣光復暨金門古寧頭大捷紀念日
20261026,一,2,補假
20261027,二,0,
20261028,三,0,
20261029,四,0,
20261030,五,0,
20261031,六,2,
20261101,日,2,
20261102,一,0,
20261103,二,0,
20261104,三,0,
20261105,四,0,
20261106,五,0,
20261107,六,2,
20261108,日,2,
20261109,一,0,
20261110,二,0,
20261111,三,0,
20261112,四,0,
20261113,五,0,
20261114,六,2,
20261115,日,2,
20261116,一,0,
20261117,二,0,
20261118,三,0,
20261119,四,0,
20261120,五,0,
20261121,六,2,
20261122,日,2,
20261123,一,0,
20261124,二,0,
20261125,三,0,
20261126,四,0,
20261127,五,0,
20261128,六,2,
20261129,日,2,
20261130,一,0,
20261201,二,0,
20261202,三,0,
20261203,四,0,
20261204,五,0,
20261205,六,2,
20261206,日,2,
20261207,一,0,
20261208,二,0,
20261209,三,0,
20261210,四,0,
20261211,五,0,
20261212,六,2,
20261213,日,2,
20261214,一,0,
20261215,二,0,
20261216,三,0,
20261217,四,0,
20261218,五,0,
20261219,六,2,
20261220,日,2,
20261221,一,0,
20261222,二,0,
20261223,三,0,
20261224,四,0,
20261225,五,2,行憲紀念日
20261226,六,2,
20261227,日,2,
20261228,一,0,
20261229,二,0,
20261230,三,0,
20261231,四,0,
