AmOneLet,AmAcid,Codon,Number,/1000,Percentage,RSCU,GC3
G,Gly,GGG,2063,13.44,0.212154696,0.848618785,Y
G,Gly,GGA,2425,15.8,0.249408051,0.997632202,N
G,Gly,GGT,1968,12.82,0.202367798,0.809471192,N
G,Gly,GGC,3268,21.29,0.336069455,1.344277822,Y
E,Glu,GAG,6311,41.11,0.591681059,1.183362119,Y
E,Glu,GAA,4355,28.37,0.408318941,0.816637881,N
D,Asp,GAT,3781,24.63,0.467362429,0.934724858,N
D,Asp,GAC,4310,28.07,0.532637571,1.065275142,Y
V,Val,GTG,4628,30.14,0.461986511,1.847946045,Y
V,Val,GTA,1202,7.83,0.120018394,0.480073574,N
V,Val,GTT,1780,11.59,0.177651747,0.71060699,N
V,Val,GTC,2408,15.68,0.240343348,0.961373391,Y
A,Ala,GCG,765,4.98,0.07168562,0.286742479,Y
A,Ala,GCA,2497,16.26,0.234057867,0.936231467,N
A,Ala,GCT,3432,22.35,0.321721606,1.286886426,N
A,Ala,GCC,3973,25.88,0.372534907,1.490139629,Y
K,Lys,AAG,5895,38.4,0.609233698,1.218467396,Y
K,Lys,AAA,3782,24.63,0.390766302,0.781532604,N
N,Asn,AAT,2671,17.4,0.451244813,0.902489627,N
N,Asn,AAC,3248,21.16,0.548755187,1.097510373,Y
M,Met,ATG,3538,23.04,1,1,Y
I,Ile,ATA,1053,6.86,0.139800285,0.419400856,N
I,Ile,ATT,2673,17.41,0.354799266,1.064397799,N
I,Ile,ATC,3808,24.8,0.505400448,1.516201345,Y
T,Thr,ACG,685,4.46,0.081580391,0.326321566,Y
T,Thr,ACA,2418,15.75,0.28809219,1.152368758,N
T,Thr,ACT,2172,14.15,0.258825681,1.035302725,N
T,Thr,ACC,3118,20.31,0.371501738,1.486006951,Y
W,Trp,TGG,2012,13.11,1,1,Y
C,Cys,TGT,1397,9.1,0.467866324,0.935732648,N
C,Cys,TGC,1589,10.35,0.532133676,1.064267352,Y
*,Stop,TGA,177,1.15,0.497835498,1.493506494,Y
*,Stop,TAG,84,0.55,0.238095238,0.714285714,Y
*,Stop,TAA,93,0.61,0.264069264,0.792207792,N
Y,Tyr,TAT,2017,13.14,0.444670051,0.889340102,N
Y,Tyr,TAC,2519,16.41,0.555329949,1.110659898,Y
F,Phe,TTT,3005,19.57,0.470545804,0.941091609,N
F,Phe,TTC,3381,22.02,0.529454196,1.058908391,Y
S,Ser,TCG,529,3.45,0.046615322,0.279691934,Y
S,Ser,TCA,1577,10.27,0.138765032,0.832590191,N
S,Ser,TCT,2450,15.96,0.215646534,1.293879206,N
S,Ser,TCC,2529,16.47,0.222537495,1.33522497,Y
S,Ser,AGT,1756,11.44,0.154573706,0.927442238,N
S,Ser,AGC,2521,16.42,0.221861911,1.331171463,Y
R,Arg,CGG,1558,10.15,0.192855786,1.157134714,Y
R,Arg,CGA,1102,7.18,0.136424093,0.818544556,N
R,Arg,CGT,863,5.62,0.106783203,0.640699221,N
R,Arg,CGC,1429,9.31,0.176895307,1.061371841,Y
R,Arg,AGG,1570,10.23,0.194375831,1.166254988,Y
R,Arg,AGA,1557,10.14,0.19266578,1.15599468,N
Q,Gln,CAG,5122,33.36,0.763386728,1.526773455,Y
Q,Gln,CAA,1587,10.34,0.236613272,0.473226545,N
H,His,CAT,1563,10.18,0.441074523,0.882149047,N
H,His,CAC,1980,12.9,0.558925477,1.117850953,Y
L,Leu,CTG,5955,38.79,0.393887084,2.363322502,Y
L,Leu,CTA,1174,7.65,0.077680747,0.466084484,N
L,Leu,CTT,2023,13.18,0.133834281,0.803005686,N
L,Leu,CTC,2818,18.36,0.186433794,1.118602762,Y
L,Leu,TTG,2169,14.13,0.14348091,0.860885459,Y
L,Leu,TTA,978,6.37,0.064683184,0.388099106,N
P,Pro,CCG,657,4.28,0.07998505,0.319940198,Y
P,Pro,CCA,2388,15.55,0.290599888,1.162399551,N
P,Pro,CCT,2563,16.69,0.311904317,1.247617268,N
P,Pro,CCC,2608,16.99,0.317510746,1.270042983,Y