Deformação 1 comprimento do gabarito;"50,00000";mm
Deformação à tração (Deformação 1) comprimento do gabarito;"50,00000";mm
CargaemBreak (Standard);"433,15952";N
Deformação 1emBreak (Standard);"0,45206";mm/mm
Deformação à tração (Deformação 1)emBreak (Standard);"0,45859";mm/mm
DeslocamentoemBreak (Standard);"27,58437";mm
Deslocamento à traçãoemBreak (Standard);"22,92945";mm
Observação;""

Tempo;Travessa;Carga;Extensometro
(s);(mm);(N);(mm)
"0,00000";"0,00600";"3,46858";"0,32635"
"0,01000";"0,00650";"3,45768";"0,32660"
"0,02000";"0,00850";"3,50164";"0,32681"
"0,03000";"0,01275";"3,73627";"0,32689"
"0,04000";"0,01950";"4,40845";"0,32668"
"0,05000";"0,02844";"5,75427";"0,32634"
"0,06000";"0,03887";"7,93212";"0,32610"
"0,07000";"0,05019";"10,97116";"0,32603"
"0,08000";"0,06169";"14,75709";"0,32594"
"0,09000";"0,07294";"19,07143";"0,32566"
"0,10000";"0,08369";"23,67317";"0,32588"
"0,11000";"0,09387";"28,29465";"0,32626"
"0,12000";"0,10350";"32,74790";"0,32656"
"0,13000";"0,11262";"36,97262";"0,32660"
"0,14000";"0,12137";"40,90481";"0,32635"
"0,15000";"0,12994";"44,52442";"0,32681"
"0,16000";"0,13831";"47,87867";"0,32712"
"0,17000";"0,14675";"51,03711";"0,32705"
"0,18000";"0,15519";"54,04363";"0,32689"
"0,19000";"0,16362";"56,97819";"0,32706"
"0,20000";"0,17219";"59,91394";"0,32726"
"0,21000";"0,18069";"62,81277";"0,32759"
"0,22000";"0,18925";"65,68376";"0,32774"
"0,23000";"0,19775";"68,54188";"0,32783"
"0,24000";"0,20619";"71,38317";"0,32776"
"0,25000";"0,21469";"74,19518";"0,32736"
"0,26000";"0,22319";"76,99057";"0,32736"
"0,27000";"0,23162";"79,76337";"0,32733"
"0,28000";"0,24012";"82,51028";"0,32799"
"0,29000";"0,24862";"85,22948";"0,32998"
"0,30000";"0,25700";"87,91978";"0,33262"
"0,31000";"0,26544";"90,58871";"0,33579"
"0,32000";"0,27387";"93,23138";"0,33927"
"0,33000";"0,28237";"95,84969";"0,34293"
"0,34000";"0,29081";"98,45402";"0,34661"
"0,35000";"0,29925";"101,02158";"0,35000"
"0,36000";"0,30762";"103,57554";"0,35397"
"0,37000";"0,31594";"106,12434";"0,35789"
"0,38000";"0,32431";"108,62672";"0,36132"
"0,39000";"0,33262";"111,08529";"0,36500"
"0,40000";"0,34094";"113,52864";"0,36843"
"0,41000";"0,34931";"115,96076";"0,37148"
"0,42000";"0,35762";"118,38660";"0,37466"
"0,43000";"0,36600";"120,79487";"0,37744"
"0,44000";"0,37431";"123,17119";"0,37935"
"0,45000";"0,38262";"125,53350";"0,38119"
"0,46000";"0,39094";"127,89404";"0,38340"
"0,47000";"0,39925";"130,24420";"0,38647"
"0,48000";"0,40756";"132,57126";"0,38920"
"0,49000";"0,41587";"134,88945";"0,39193"
"0,50000";"0,42425";"137,18828";"0,39460"
"0,51000";"0,43256";"139,46550";"0,39767"
"0,52000";"0,44081";"141,72043";"0,40090"
"0,53000";"0,44912";"143,98082";"0,40426"
"0,54000";"0,45737";"146,23030";"0,40760"
"0,55000";"0,46575";"148,46841";"0,41114"
"0,56000";"0,47406";"150,68912";"0,41499"
"0,57000";"0,48244";"152,88403";"0,41875"
"0,58000";"0,49081";"155,07916";"0,42262"
"0,59000";"0,49925";"157,28864";"0,42702"
"0,60000";"0,50762";"159,50035";"0,43155"
"0,61000";"0,51606";"161,70444";"0,43574"
"0,62000";"0,52444";"163,90137";"0,44014"
"0,63000";"0,53281";"166,08224";"0,44455"
"0,64000";"0,54125";"168,24138";"0,44847"
"0,65000";"0,54962";"170,37816";"0,45182"
"0,66000";"0,55794";"172,51498";"0,45487"
"0,67000";"0,56625";"174,63277";"0,45771"
"0,68000";"0,57456";"176,73296";"0,46106"
"0,69000";"0,58281";"178,82068";"0,46392"
"0,70000";"0,59112";"180,87598";"0,46630"
"0,71000";"0,59944";"182,89523";"0,46917"
"0,72000";"0,60775";"184,90868";"0,47204"
"0,73000";"0,61606";"186,93721";"0,47514"
"0,74000";"0,62437";"188,95889";"0,47914"
"0,75000";"0,63262";"190,97026";"0,48311"
"0,76000";"0,64094";"192,98006";"0,48744"
"0,77000";"0,64925";"194,96490";"0,49176"
"0,78000";"0,65756";"196,92384";"0,49585"
"0,79000";"0,66587";"198,85959";"0,49994"
"0,80000";"0,67419";"200,80573";"0,50430"
"0,81000";"0,68256";"202,76443";"0,50916"
"0,82000";"0,69087";"204,69473";"0,51461"
"0,83000";"0,69919";"206,61659";"0,52060"
"0,84000";"0,70744";"208,52763";"0,52611"
"0,85000";"0,71575";"210,42699";"0,53178"
"0,86000";"0,72412";"212,32234";"0,53691"
"0,87000";"0,73250";"214,22476";"0,54154"
"0,88000";"0,74087";"216,11833";"0,54537"
"0,89000";"0,74925";"217,99469";"0,54883"
"0,90000";"0,75756";"219,86044";"0,55179"
"0,91000";"0,76594";"221,71416";"0,55466"
"0,92000";"0,77431";"223,57626";"0,55760"
"0,93000";"0,78275";"225,43567";"0,56142"
"0,94000";"0,79112";"227,27750";"0,56601"
"0,95000";"0,79950";"229,10558";"0,57088"
"0,96000";"0,80787";"230,91315";"0,57512"
"0,97000";"0,81619";"232,71243";"0,57835"
"0,98000";"0,82450";"234,52455";"0,58165"
"0,99000";"0,83275";"236,32542";"0,58600"
"1,00000";"0,84106";"238,10513";"0,59017"
"1,01000";"0,84937";"239,84950";"0,59461"
"1,02000";"0,85769";"241,58078";"0,59913"
"1,03000";"0,86606";"243,29979";"0,60339"
"1,04000";"0,87437";"245,02420";"0,60670"
"1,05000";"0,88269";"246,76636";"0,61008"
"1,06000";"0,89094";"248,51303";"0,61382"
"1,07000";"0,89925";"250,23216";"0,61702"
"1,08000";"0,90756";"251,91357";"0,62028"
"1,09000";"0,91594";"253,59245";"0,62357"
"1,10000";"0,92425";"255,28685";"0,62702"
"1,11000";"0,93256";"256,97687";"0,63007"
"1,12000";"0,94087";"258,65698";"0,63288"
"1,13000";"0,94912";"260,33014";"0,63595"
"1,14000";"0,95737";"261,97083";"0,63892"
"1,15000";"0,96569";"263,58844";"0,64169"
"1,16000";"0,97400";"265,20700";"0,64421"
"1,17000";"0,98237";"266,83817";"0,64757"
"1,18000";"0,99075";"268,47128";"0,65163"
"1,19000";"0,99912";"270,09738";"0,65608"
"1,20000";"1,00750";"271,72260";"0,66108"
"1,21000";"1,01581";"273,34326";"0,66664"
"1,22000";"1,02419";"274,94479";"0,67219"
"1,23000";"1,03262";"276,54376";"0,67672"
"1,24000";"1,04106";"278,14532";"0,68064"
"1,25000";"1,04950";"279,74786";"0,68440"
"1,26000";"1,05787";"281,34866";"0,68810"
"1,27000";"1,06619";"282,93478";"0,69153"
"1,28000";"1,07450";"284,51297";"0,69465"
"1,29000";"1,08281";"286,06381";"0,69732"
"1,30000";"1,09112";"287,59979";"0,70045"
"1,31000";"1,09944";"289,13913";"0,70387"
"1,32000";"1,10781";"290,66019";"0,70736"
"1,33000";"1,11612";"292,17624";"0,71135"
"1,34000";"1,12444";"293,69562";"0,71555"
"1,35000";"1,13275";"295,19543";"0,72030"
"1,36000";"1,14100";"296,69189";"0,72509"
"1,37000";"1,14925";"298,17511";"0,72909"
"1,38000";"1,15756";"299,64819";"0,73286"
"1,39000";"1,16587";"301,11942";"0,73623"
"1,40000";"1,17419";"302,59576";"0,73967"
"1,41000";"1,18256";"304,07141";"0,74348"
"1,42000";"1,19081";"305,52060";"0,74788"
"1,43000";"1,19906";"306,95984";"0,75175"
"1,44000";"1,20737";"308,41095";"0,75538"
"1,45000";"1,21569";"309,85538";"0,75948"
"1,46000";"1,22406";"311,28088";"0,76380"
"1,47000";"1,23244";"312,69870";"0,76859"
"1,48000";"1,24081";"314,13406";"0,77376"
"1,49000";"1,24919";"315,56537";"0,77867"
"1,50000";"1,25750";"317,00266";"0,78357"
"1,51000";"1,26587";"318,43881";"0,78898"
"1,52000";"1,27425";"319,85760";"0,79471"
"1,53000";"1,28269";"321,26868";"0,80009"
"1,54000";"1,29106";"322,67984";"0,80472"
"1,55000";"1,29950";"324,09201";"0,80956"
"1,56000";"1,30794";"325,49860";"0,81418"
"1,57000";"1,31625";"326,90320";"0,81774"
"1,58000";"1,32456";"328,30692";"0,82111"
"1,59000";"1,33287";"329,68060";"0,82461"
"1,60000";"1,34119";"331,03256";"0,82746"
"1,61000";"1,34950";"332,37772";"0,83027"
"1,62000";"1,35787";"333,73111";"0,83311"
"1,63000";"1,36619";"335,06882";"0,83589"
"1,64000";"1,37450";"336,39294";"0,83951"
"1,65000";"1,38275";"337,72461";"0,84336"
"1,66000";"1,39100";"339,05475";"0,84790"
"1,67000";"1,39931";"340,36765";"0,85210"
"1,68000";"1,40762";"341,67621";"0,85590"
"1,69000";"1,41594";"342,98538";"0,85983"
"1,70000";"1,42425";"344,28705";"0,86343"
"1,71000";"1,43256";"345,57947";"0,86702"
"1,72000";"1,44081";"346,86417";"0,87078"
"1,73000";"1,44912";"348,14682";"0,87415"
"1,74000";"1,45744";"349,41599";"0,87716"
"1,75000";"1,46569";"350,68332";"0,88047"
"1,76000";"1,47406";"351,94897";"0,88388"
"1,77000";"1,48244";"353,22525";"0,88677"
"1,78000";"1,49081";"354,51016";"0,88909"
"1,79000";"1,49919";"355,78903";"0,89194"
"1,80000";"1,50756";"357,07288";"0,89519"
"1,81000";"1,51594";"358,34286";"0,89820"
"1,82000";"1,52431";"359,60660";"0,90220"
"1,83000";"1,53275";"360,85974";"0,90606"
"1,84000";"1,54119";"362,12006";"0,90984"
"1,85000";"1,54956";"363,38492";"0,91376"
"1,86000";"1,55794";"364,64191";"0,91771"
"1,87000";"1,56625";"365,88364";"0,92131"
"1,88000";"1,57456";"367,11295";"0,92541"
"1,89000";"1,58287";"368,33347";"0,93012"
"1,90000";"1,59119";"369,55200";"0,93495"
"1,91000";"1,59950";"370,75381";"0,93997"
"1,92000";"1,60775";"371,93567";"0,94559"
"1,93000";"1,61606";"373,10324";"0,95137"
"1,94000";"1,62437";"374,28134";"0,95670"
"1,95000";"1,63269";"375,45850";"0,96126"
"1,96000";"1,64094";"376,63229";"0,96556"
"1,97000";"1,64925";"377,80801";"0,96941"
"1,98000";"1,65756";"378,97556";"0,97264"
"1,99000";"1,66594";"380,14584";"0,97584"
"2,00000";"1,67425";"381,30664";"0,97888"
"2,01000";"1,68256";"382,47052";"0,98215"
"2,02000";"1,69081";"383,63953";"0,98565"
"2,03000";"1,69912";"384,79639";"0,98929"
"2,04000";"1,70744";"385,93500";"0,99266"
"2,05000";"1,71575";"387,06418";"0,99628"
"2,06000";"1,72412";"388,19312";"1,00008"
"2,07000";"1,73250";"389,32733";"1,00398"
"2,08000";"1,74087";"390,47601";"1,00764"
"2,09000";"1,74925";"391,63187";"1,01193"
"2,10000";"1,75762";"392,78030";"1,01684"
"2,11000";"1,76600";"393,92279";"1,02143"
"2,12000";"1,77431";"395,05698";"1,02672"
"2,13000";"1,78275";"396,19461";"1,03205"
"2,14000";"1,79112";"397,32977";"1,03672"
"2,15000";"1,79950";"398,45947";"1,04113"
"2,16000";"1,80787";"399,58890";"1,04525"
"2,17000";"1,81625";"400,71518";"1,05014"
"2,18000";"1,82450";"401,82126";"1,05553"
"2,19000";"1,83281";"402,90378";"1,06076"
"2,20000";"1,84112";"404,00238";"1,06623"
"2,21000";"1,84944";"405,09192";"1,07129"
"2,22000";"1,85775";"406,16791";"1,07594"
"2,23000";"1,86606";"407,23938";"1,08073"
"2,24000";"1,87437";"408,30853";"1,08558"
"2,25000";"1,88269";"409,37665";"1,08950"
"2,26000";"1,89094";"410,43723";"1,09312"
"2,27000";"1,89925";"411,50006";"1,09678"
"2,28000";"1,90756";"412,57004";"1,10003"
"2,29000";"1,91587";"413,62357";"1,10302"
"2,30000";"1,92419";"414,65326";"1,10658"
"2,31000";"1,93250";"415,68982";"1,11109"
"2,32000";"1,94081";"416,74332";"1,11545"
"2,33000";"1,94906";"417,79758";"1,11953"
"2,34000";"1,95737";"418,83115";"1,12365"
"2,35000";"1,96569";"419,85971";"1,12785"
"2,36000";"1,97406";"420,87982";"1,13291"
"2,37000";"1,98244";"421,90112";"1,13788"
"2,38000";"1,99081";"422,93774";"1,14284"
"2,39000";"1,99919";"423,98422";"1,14789"
"2,40000";"2,00756";"425,03503";"1,15301"
"2,41000";"2,01587";"426,07657";"1,15834"
"2,42000";"2,02425";"427,11331";"1,16351"
"2,43000";"2,03269";"428,13196";"1,16911"
"2,44000";"2,04106";"429,14658";"1,17496"
"2,45000";"2,04944";"430,17447";"1,18028"
"2,46000";"2,05781";"431,19568";"1,18500"
"2,47000";"2,06612";"432,21112";"1,18943"
"2,48000";"2,07450";"433,22574";"1,19367"
"2,49000";"2,08281";"434,22037";"1,19832"
"2,50000";"2,09112";"435,20779";"1,20296"
"2,51000";"2,09950";"436,18604";"1,20754"
"2,52000";"2,10781";"437,15964";"1,21179"
"2,53000";"2,11619";"438,13470";"1,21583"
"2,54000";"2,12444";"439,11273";"1,21978"
"2,55000";"2,13275";"440,08868";"1,22357"
"2,56000";"2,14100";"441,04236";"1,22741"
"2,57000";"2,14931";"441,99313";"1,23156"
"2,58000";"2,15762";"442,95157";"1,23570"
"2,59000";"2,16594";"443,90048";"1,24018"
"2,60000";"2,17425";"444,83282";"1,24443"
"2,61000";"2,18250";"445,77859";"1,24845"
"2,62000";"2,19081";"446,72278";"1,25276"
"2,63000";"2,19906";"447,65961";"1,25727"
"2,64000";"2,20731";"448,58871";"1,26191"
"2,65000";"2,21562";"449,51346";"1,26605"
"2,66000";"2,22400";"450,44446";"1,27012"
"2,67000";"2,23237";"451,38199";"1,27424"
"2,68000";"2,24075";"452,31747";"1,27791"
"2,69000";"2,24919";"453,26666";"1,28153"
"2,70000";"2,25756";"454,21841";"1,28540"
"2,71000";"2,26594";"455,17380";"1,28949"
"2,72000";"2,27431";"456,12100";"1,29384"
"2,73000";"2,28275";"457,05157";"1,29845"
"2,74000";"2,29119";"457,98026";"1,30391"
"2,75000";"2,29962";"458,91022";"1,30929"
"2,76000";"2,30800";"459,85687";"1,31458"
"2,77000";"2,31631";"460,79599";"1,31923"
"2,78000";"2,32456";"461,70816";"1,32303"
"2,79000";"2,33287";"462,60245";"1,32622"
"2,80000";"2,34119";"463,49030";"1,32879"
"2,81000";"2,34956";"464,36325";"1,33089"
"2,82000";"2,35787";"465,23502";"1,33330"
"2,83000";"2,36619";"466,13205";"1,33638"
"2,84000";"2,37450";"467,02887";"1,33972"
"2,85000";"2,38275";"467,90295";"1,34329"
"2,86000";"2,39100";"468,76834";"1,34671"
"2,87000";"2,39931";"469,63544";"1,35072"
"2,88000";"2,40762";"470,50040";"1,35530"
"2,89000";"2,41594";"471,35364";"1,36050"
"2,90000";"2,42425";"472,19839";"1,36644"
"2,91000";"2,43250";"473,05670";"1,37268"
"2,92000";"2,44081";"473,91812";"1,37931"
"2,93000";"2,44906";"474,77295";"1,38614"
"2,94000";"2,45737";"475,62112";"1,39221"
"2,95000";"2,46569";"476,46463";"1,39826"
"2,96000";"2,47406";"477,32214";"1,40436"
"2,97000";"2,48250";"478,17850";"1,40994"
"2,98000";"2,49087";"479,03854";"1,41546"
"2,99000";"2,49925";"479,89713";"1,42066"
"3,00000";"2,50762";"480,76239";"1,42519"
"3,01000";"2,51594";"481,63153";"1,42913"
"3,02000";"2,52431";"482,49200";"1,43245"
"3,03000";"2,53275";"483,34286";"1,43565"
"3,04000";"2,54112";"484,18451";"1,43874"
"3,05000";"2,54956";"485,02951";"1,44146"
"3,06000";"2,55787";"485,87466";"1,44389"
"3,07000";"2,56619";"486,70221";"1,44600"
"3,08000";"2,57450";"487,53650";"1,44852"
"3,09000";"2,58281";"488,35077";"1,45159"
"3,10000";"2,59112";"489,14844";"1,45623"
"3,11000";"2,59944";"489,94601";"1,46145"
"3,12000";"2,60781";"490,74594";"1,46670"
"3,13000";"2,61612";"491,54990";"1,47172"
"3,14000";"2,62444";"492,34772";"1,47642"
"3,15000";"2,63269";"493,14832";"1,48095"
"3,16000";"2,64100";"493,94812";"1,48581"
"3,17000";"2,64931";"494,73657";"1,49107"
"3,18000";"2,65762";"495,51801";"1,49633"
"3,19000";"2,66594";"496,30405";"1,50075"
"3,20000";"2,67425";"497,09421";"1,50535"
"3,21000";"2,68256";"497,88034";"1,50913"
"3,22000";"2,69087";"498,66556";"1,51267"
"3,23000";"2,69919";"499,45111";"1,51645"
"3,24000";"2,70750";"500,21851";"1,52033"
"3,25000";"2,71581";"500,99026";"1,52447"
"3,26000";"2,72412";"501,76700";"1,52837"
"3,27000";"2,73250";"502,53540";"1,53188"
"3,28000";"2,74081";"503,29428";"1,53587"
"3,29000";"2,74919";"504,06458";"1,53947"
"3,30000";"2,75750";"504,84174";"1,54267"
"3,31000";"2,76587";"505,60150";"1,54626"
"3,32000";"2,77425";"506,37115";"1,55041"
"3,33000";"2,78262";"507,14453";"1,55533"
"3,34000";"2,79106";"507,91660";"1,56062"
"3,35000";"2,79950";"508,69870";"1,56636"
"3,36000";"2,80787";"509,48157";"1,57264"
"3,37000";"2,81619";"510,24338";"1,57852"
"3,38000";"2,82450";"510,99289";"1,58347"
"3,39000";"2,83281";"511,72931";"1,58727"
"3,40000";"2,84106";"512,47424";"1,59052"
"3,41000";"2,84944";"513,20221";"1,59376"
"3,42000";"2,85775";"513,91986";"1,59716"
"3,43000";"2,86606";"514,64050";"1,60048"
"3,44000";"2,87437";"515,36804";"1,60371"
"3,45000";"2,88262";"516,09332";"1,60716"
"3,46000";"2,89094";"516,81781";"1,61100"
"3,47000";"2,89925";"517,53925";"1,61563"
"3,48000";"2,90756";"518,25458";"1,62157"
"3,49000";"2,91587";"518,96204";"1,62769"
"3,50000";"2,92425";"519,66821";"1,63356"
"3,51000";"2,93256";"520,37946";"1,63996"
"3,52000";"2,94081";"521,09784";"1,64658"
"3,53000";"2,94912";"521,80933";"1,65299"
"3,54000";"2,95737";"522,50818";"1,65985"
"3,55000";"2,96569";"523,20038";"1,66735"
"3,56000";"2,97406";"523,89996";"1,67479"
"3,57000";"2,98244";"524,60168";"1,68139"
"3,58000";"2,99081";"525,32086";"1,68737"
"3,59000";"2,99919";"526,04541";"1,69214"
"3,60000";"3,00756";"526,76270";"1,69620"
"3,61000";"3,01587";"527,48059";"1,70035"
"3,62000";"3,02425";"528,19391";"1,70456"
"3,63000";"3,03269";"528,90015";"1,70887"
"3,64000";"3,04112";"529,61664";"1,71356"
"3,65000";"3,04950";"530,32843";"1,71820"
"3,66000";"3,05787";"531,03735";"1,72317"
"3,67000";"3,06619";"531,72943";"1,72805"
"3,68000";"3,07450";"532,41638";"1,73287"
"3,69000";"3,08281";"533,10339";"1,73747"
"3,70000";"3,09112";"533,77509";"1,74135"
"3,71000";"3,09944";"534,42883";"1,74498"
"3,72000";"3,10781";"535,08691";"1,74825"
"3,73000";"3,11619";"535,76019";"1,75207"
"3,74000";"3,12444";"536,42920";"1,75652"
"3,75000";"3,13275";"537,09045";"1,76089"
"3,76000";"3,14100";"537,75513";"1,76560"
"3,77000";"3,14931";"538,41028";"1,77027"
"3,78000";"3,15762";"539,05780";"1,77531"
"3,79000";"3,16594";"539,70441";"1,78060"
"3,80000";"3,17425";"540,35748";"1,78597"
"3,81000";"3,18256";"541,01068";"1,79125"
"3,82000";"3,19081";"541,64508";"1,79596"
"3,83000";"3,19906";"542,27582";"1,79999"
"3,84000";"3,20737";"542,91840";"1,80411"
"3,85000";"3,21562";"543,55743";"1,80839"
"3,86000";"3,22400";"544,19434";"1,81286"
"3,87000";"3,23244";"544,83673";"1,81778"
"3,88000";"3,24081";"545,48492";"1,82303"
"3,89000";"3,24919";"546,13220";"1,82838"
"3,90000";"3,25756";"546,78613";"1,83426"
"3,91000";"3,26594";"547,44360";"1,84076"
"3,92000";"3,27431";"548,10376";"1,84704"
"3,93000";"3,28281";"548,75189";"1,85386"
"3,94000";"3,29119";"549,39404";"1,86081"
"3,95000";"3,29962";"550,04297";"1,86702"
"3,96000";"3,30800";"550,69147";"1,87205"
"3,97000";"3,31631";"551,32611";"1,87660"
"3,98000";"3,32462";"551,96094";"1,88098"
"3,99000";"3,33294";"552,59564";"1,88479"
"4,00000";"3,34119";"553,22168";"1,88809"
"4,01000";"3,34956";"553,82422";"1,89188"
"4,02000";"3,35787";"554,41992";"1,89581"
"4,03000";"3,36619";"555,01392";"1,89980"
"4,04000";"3,37450";"555,61218";"1,90409"
"4,05000";"3,38275";"556,21118";"1,90786"
"4,06000";"3,39106";"556,81268";"1,91083"
"4,07000";"3,39931";"557,40955";"1,91343"
"4,08000";"3,40762";"557,99036";"1,91680"
"4,09000";"3,41600";"558,57465";"1,92084"
"4,10000";"3,42431";"559,16681";"1,92517"
"4,11000";"3,43262";"559,75610";"1,92952"
"4,12000";"3,44087";"560,34723";"1,93382"
"4,13000";"3,44919";"560,93414";"1,93841"
"4,14000";"3,45744";"561,51892";"1,94342"
"4,15000";"3,46575";"562,09491";"1,94838"
"4,16000";"3,47412";"562,66705";"1,95270"
"4,17000";"3,48250";"563,25586";"1,95635"
"4,18000";"3,49081";"563,84436";"1,95995"
"4,19000";"3,49919";"564,43146";"1,96384"
"4,20000";"3,50756";"565,02472";"1,96842"
"4,21000";"3,51594";"565,61188";"1,97341"
"4,22000";"3,52425";"566,21442";"1,97800"
"4,23000";"3,53269";"566,81818";"1,98207"
"4,24000";"3,54112";"567,40576";"1,98622"
"4,25000";"3,54950";"567,98187";"1,99013"
"4,26000";"3,55787";"568,56537";"1,99370"
"4,27000";"3,56619";"569,15594";"1,99751"
"4,28000";"3,57450";"569,72949";"2,00131"
"4,29000";"3,58281";"570,28784";"2,00505"
"4,30000";"3,59112";"570,84851";"2,00882"
"4,31000";"3,59944";"571,39990";"2,01236"
"4,32000";"3,60781";"571,94830";"2,01673"
"4,33000";"3,61612";"572,49298";"2,02208"
"4,34000";"3,62444";"573,03998";"2,02784"
"4,35000";"3,63269";"573,58722";"2,03411"
"4,36000";"3,64094";"574,13275";"2,03995"
"4,37000";"3,64925";"574,68219";"2,04556"
"4,38000";"3,65756";"575,22906";"2,05138"
"4,39000";"3,66587";"575,77228";"2,05735"
"4,40000";"3,67425";"576,30615";"2,06289"
"4,41000";"3,68256";"576,83752";"2,06897"
"4,42000";"3,69087";"577,37610";"2,07484"
"4,43000";"3,69912";"577,92291";"2,08107"
"4,44000";"3,70744";"578,47260";"2,08682"
"4,45000";"3,71575";"579,00568";"2,09158"
"4,46000";"3,72412";"579,54260";"2,09530"
"4,47000";"3,73244";"580,09052";"2,09868"
"4,48000";"3,74081";"580,62646";"2,10222"
"4,49000";"3,74919";"581,15039";"2,10573"
"4,50000";"3,75750";"581,69037";"2,10939"
"4,51000";"3,76581";"582,23608";"2,11321"
"4,52000";"3,77419";"582,76874";"2,11683"
"4,53000";"3,78262";"583,29468";"2,12025"
"4,54000";"3,79100";"583,83246";"2,12427"
"4,55000";"3,79944";"584,38147";"2,12897"
"4,56000";"3,80781";"584,92908";"2,13376"
"4,57000";"3,81612";"585,46112";"2,13853"
"4,58000";"3,82444";"585,98975";"2,14288"
"4,59000";"3,83275";"586,50787";"2,14755"
"4,60000";"3,84106";"587,02704";"2,15213"
"4,61000";"3,84944";"587,54547";"2,15692"
"4,62000";"3,85781";"588,04834";"2,16144"
"4,63000";"3,86612";"588,53778";"2,16634"
"4,64000";"3,87444";"589,03900";"2,17190"
"4,65000";"3,88275";"589,54718";"2,17849"
"4,66000";"3,89100";"590,04913";"2,18566"
"4,67000";"3,89931";"590,53638";"2,19320"
"4,68000";"3,90762";"591,02112";"2,20082"
"4,69000";"3,91594";"591,50995";"2,20802"
"4,70000";"3,92419";"591,99908";"2,21361"
"4,71000";"3,93250";"592,48877";"2,21822"
"4,72000";"3,94081";"592,96503";"2,22208"
"4,73000";"3,94912";"593,43787";"2,22571"
"4,74000";"3,95744";"593,92236";"2,22924"
"4,75000";"3,96575";"594,41187";"2,23263"
"4,76000";"3,97406";"594,90540";"2,23633"
"4,77000";"3,98244";"595,40417";"2,23990"
"4,78000";"3,99081";"595,89630";"2,24310"
"4,79000";"3,99919";"596,39380";"2,24642"
"4,80000";"4,00750";"596,89240";"2,25008"
"4,81000";"4,01587";"597,37775";"2,25381"
"4,82000";"4,02425";"597,86121";"2,25787"
"4,83000";"4,03269";"598,35730";"2,26218"
"4,84000";"4,04112";"598,85687";"2,26707"
"4,85000";"4,04956";"599,35553";"2,27256"
"4,86000";"4,05794";"599,84918";"2,27907"
"4,87000";"4,06625";"600,33600";"2,28678"
"4,88000";"4,07456";"600,82343";"2,29492"
"4,89000";"4,08287";"601,29565";"2,30248"
"4,90000";"4,09119";"601,74701";"2,30850"
"4,91000";"4,09956";"602,19110";"2,31385"
"4,92000";"4,10787";"602,63800";"2,31878"
"4,93000";"4,11619";"603,10559";"2,32359"
"4,94000";"4,12450";"603,56714";"2,32740"
"4,95000";"4,13275";"604,02374";"2,33158"
"4,96000";"4,14106";"604,47559";"2,33576"
"4,97000";"4,14931";"604,92419";"2,34002"
"4,98000";"4,15762";"605,36871";"2,34442"
"4,99000";"4,16594";"605,80981";"2,34913"
"5,00000";"4,17425";"606,25806";"2,35368"
"5,01000";"4,18256";"606,70056";"2,35860"
"5,02000";"4,19081";"607,13873";"2,36377"
"5,03000";"4,19912";"607,58258";"2,36801"
"5,04000";"4,20737";"608,02216";"2,37184"
"5,05000";"4,21575";"608,45593";"2,37588"
"5,06000";"4,22406";"608,89343";"2,38010"
"5,07000";"4,23244";"609,33655";"2,38431"
"5,08000";"4,24081";"609,78253";"2,38887"
"5,09000";"4,24919";"610,22449";"2,39416"
"5,10000";"4,25756";"610,67517";"2,40000"
"5,11000";"4,26594";"611,11682";"2,40591"
"5,12000";"4,27431";"611,55804";"2,41233"
"5,13000";"4,28275";"612,00055";"2,41897"
"5,14000";"4,29119";"612,45502";"2,42512"
"5,15000";"4,29956";"612,91272";"2,43101"
"5,16000";"4,30794";"613,36249";"2,43673"
"5,17000";"4,31625";"613,80298";"2,44216"
"5,18000";"4,32456";"614,23779";"2,44741"
"5,19000";"4,33281";"614,65448";"2,45243"
"5,20000";"4,34112";"615,05591";"2,45821"
"5,21000";"4,34950";"615,45471";"2,46401"
"5,22000";"4,35781";"615,85968";"2,46948"
"5,23000";"4,36612";"616,27362";"2,47445"
"5,24000";"4,37444";"616,70264";"2,47864"
"5,25000";"4,38269";"617,11957";"2,48204"
"5,26000";"4,39100";"617,52161";"2,48557"
"5,27000";"4,39931";"617,92773";"2,48948"
"5,28000";"4,40762";"618,32648";"2,49345"
"5,29000";"4,41594";"618,72321";"2,49758"
"5,30000";"4,42425";"619,12024";"2,50271"
"5,31000";"4,43256";"619,52319";"2,50812"
"5,32000";"4,44087";"619,92377";"2,51383"
"5,33000";"4,44912";"620,32819";"2,51956"
"5,34000";"4,45737";"620,73041";"2,52546"
"5,35000";"4,46569";"621,12897";"2,53166"
"5,36000";"4,47406";"621,52124";"2,53739"
"5,37000";"4,48237";"621,91833";"2,54247"
"5,38000";"4,49081";"622,33057";"2,54707"
"5,39000";"4,49919";"622,74048";"2,55100"
"5,40000";"4,50750";"623,14777";"2,55493"
"5,41000";"4,51587";"623,56354";"2,55873"
"5,42000";"4,52425";"623,96759";"2,56237"
"5,43000";"4,53262";"624,36121";"2,56606"
"5,44000";"4,54106";"624,76727";"2,56971"
"5,45000";"4,54950";"625,18341";"2,57333"
"5,46000";"4,55781";"625,59955";"2,57715"
"5,47000";"4,56619";"625,99786";"2,58093"
"5,48000";"4,57450";"626,39532";"2,58475"
"5,49000";"4,58281";"626,79596";"2,58936"
"5,50000";"4,59106";"627,17676";"2,59427"
"5,51000";"4,59944";"627,55780";"2,59937"
"5,52000";"4,60775";"627,92914";"2,60443"
"5,53000";"4,61606";"628,29425";"2,60977"
"5,54000";"4,62437";"628,66888";"2,61536"
"5,55000";"4,63269";"629,03839";"2,62120"
"5,56000";"4,64094";"629,40045";"2,62690"
"5,57000";"4,64925";"629,76300";"2,63218"
"5,58000";"4,65756";"630,13239";"2,63653"
"5,59000";"4,66587";"630,49414";"2,64038"
"5,60000";"4,67419";"630,84906";"2,64459"
"5,61000";"4,68250";"631,22052";"2,64950"
"5,62000";"4,69081";"631,59583";"2,65498"
"5,63000";"4,69906";"631,96442";"2,66142"
"5,64000";"4,70737";"632,32806";"2,66812"
"5,65000";"4,71569";"632,69446";"2,67450"
"5,66000";"4,72400";"633,05035";"2,68052"
"5,67000";"4,73237";"633,40753";"2,68646"
"5,68000";"4,74075";"633,77045";"2,69271"
"5,69000";"4,74919";"634,13812";"2,69875"
"5,70000";"4,75756";"634,51276";"2,70490"
"5,71000";"4,76587";"634,88446";"2,71057"
"5,72000";"4,77425";"635,26215";"2,71551"
"5,73000";"4,78262";"635,63367";"2,71987"
"5,74000";"4,79106";"635,99512";"2,72420"
"5,75000";"4,79950";"636,36438";"2,72831"
"5,76000";"4,80781";"636,74359";"2,73264"
"5,77000";"4,81619";"637,11493";"2,73739"
"5,78000";"4,82450";"637,48138";"2,74266"
"5,79000";"4,83281";"637,84161";"2,74788"
"5,80000";"4,84112";"638,19202";"2,75331"
"5,81000";"4,84950";"638,53516";"2,75912"
"5,82000";"4,85781";"638,87964";"2,76537"
"5,83000";"4,86619";"639,22693";"2,77216"
"5,84000";"4,87450";"639,56781";"2,77933"
"5,85000";"4,88275";"639,90948";"2,78639"
"5,86000";"4,89106";"640,25293";"2,79252"
"5,87000";"4,89937";"640,58875";"2,79778"
"5,88000";"4,90762";"640,92474";"2,80217"
"5,89000";"4,91594";"641,26691";"2,80576"
"5,90000";"4,92431";"641,60162";"2,80887"
"5,91000";"4,93262";"641,92963";"2,81202"
"5,92000";"4,94087";"642,26031";"2,81546"
"5,93000";"4,94919";"642,58893";"2,81947"
"5,94000";"4,95744";"642,90399";"2,82431"
"5,95000";"4,96575";"643,21674";"2,82950"
"5,96000";"4,97412";"643,54150";"2,83443"
"5,97000";"4,98250";"643,88617";"2,83938"
"5,98000";"4,99094";"644,22595";"2,84458"
"5,99000";"4,99931";"644,56165";"2,85004"
"6,00000";"5,00762";"644,90875";"2,85562"
"6,01000";"5,01600";"645,25739";"2,86132"
"6,02000";"5,02437";"645,60132";"2,86705"
"6,03000";"5,03281";"645,93262";"2,87262"
"6,04000";"5,04119";"646,26306";"2,87838"
"6,05000";"5,04962";"646,59631";"2,88426"
"6,06000";"5,05794";"646,92932";"2,88980"
"6,07000";"5,06625";"647,26740";"2,89478"
"6,08000";"5,07456";"647,60767";"2,89945"
"6,09000";"5,08281";"647,93164";"2,90403"
"6,10000";"5,09112";"648,23083";"2,90824"
"6,11000";"5,09950";"648,53101";"2,91222"
"6,12000";"5,10781";"648,84399";"2,91605"
"6,13000";"5,11612";"649,14514";"2,92065"
"6,14000";"5,12444";"649,44574";"2,92454"
"6,15000";"5,13275";"649,75873";"2,92832"
"6,16000";"5,14100";"650,05975";"2,93226"
"6,17000";"5,14931";"650,35352";"2,93630"
"6,18000";"5,15762";"650,64929";"2,94043"
"6,19000";"5,16594";"650,95251";"2,94431"
"6,20000";"5,17431";"651,25287";"2,94801"
"6,21000";"5,18262";"651,54718";"2,95183"
"6,22000";"5,19087";"651,84369";"2,95525"
"6,23000";"5,19919";"652,13672";"2,95899"
"6,24000";"5,20744";"652,41766";"2,96245"
"6,25000";"5,21575";"652,70154";"2,96631"
"6,26000";"5,22412";"652,99359";"2,97065"
"6,27000";"5,23244";"653,30139";"2,97603"
"6,28000";"5,24081";"653,60590";"2,98251"
"6,29000";"5,24925";"653,91803";"2,98920"
"6,30000";"5,25756";"654,23499";"2,99576"
"6,31000";"5,26594";"654,54865";"3,00238"
"6,32000";"5,27431";"654,85120";"3,00902"
"6,33000";"5,28275";"655,16357";"3,01571"
"6,34000";"5,29112";"655,48444";"3,02227"
"6,35000";"5,29956";"655,79736";"3,02876"
"6,36000";"5,30787";"656,11633";"3,03495"
"6,37000";"5,31619";"656,42474";"3,04100"
"6,38000";"5,32450";"656,71521";"3,04669"
"6,39000";"5,33275";"656,99969";"3,05135"
"6,40000";"5,34106";"657,27997";"3,05503"
"6,41000";"5,34937";"657,55292";"3,05819"
"6,42000";"5,35769";"657,81787";"3,06094"
"6,43000";"5,36606";"658,09167";"3,06327"
"6,44000";"5,37437";"658,37683";"3,06563"
"6,45000";"5,38269";"658,66278";"3,06861"
"6,46000";"5,39094";"658,94196";"3,07184"
"6,47000";"5,39925";"659,20831";"3,07554"
"6,48000";"5,40756";"659,47211";"3,07960"
"6,49000";"5,41587";"659,73633";"3,08403"
"6,50000";"5,42425";"660,00293";"3,08890"
"6,51000";"5,43256";"660,28027";"3,09421"
"6,52000";"5,44081";"660,56049";"3,09901"
"6,53000";"5,44912";"660,83350";"3,10425"
"6,54000";"5,45744";"661,09705";"3,10993"
"6,55000";"5,46575";"661,36255";"3,11624"
"6,56000";"5,47406";"661,63300";"3,12306"
"6,57000";"5,48244";"661,90015";"3,13008"
"6,58000";"5,49081";"662,17303";"3,13803"
"6,59000";"5,49919";"662,44916";"3,14699"
"6,60000";"5,50750";"662,73364";"3,15565"
"6,61000";"5,51587";"663,01355";"3,16289"
"6,62000";"5,52425";"663,28906";"3,16880"
"6,63000";"5,53262";"663,56940";"3,17332"
"6,64000";"5,54106";"663,84448";"3,17708"
"6,65000";"5,54950";"664,12622";"3,18027"
"6,66000";"5,55787";"664,41016";"3,18321"
"6,67000";"5,56619";"664,67603";"3,18615"
"6,68000";"5,57450";"664,94281";"3,18895"
"6,69000";"5,58275";"665,19751";"3,19191"
"6,70000";"5,59106";"665,43713";"3,19541"
"6,71000";"5,59937";"665,68286";"3,19907"
"6,72000";"5,60775";"665,93665";"3,20265"
"6,73000";"5,61606";"666,18207";"3,20640"
"6,74000";"5,62437";"666,42664";"3,21043"
"6,75000";"5,63262";"666,69263";"3,21446"
"6,76000";"5,64094";"666,95935";"3,21870"
"6,77000";"5,64925";"667,21490";"3,22372"
"6,78000";"5,65756";"667,47064";"3,22949"
"6,79000";"5,66594";"667,72144";"3,23490"
"6,80000";"5,67425";"667,95728";"3,24008"
"6,81000";"5,68256";"668,19263";"3,24566"
"6,82000";"5,69087";"668,44189";"3,25087"
"6,83000";"5,69912";"668,69641";"3,25626"
"6,84000";"5,70737";"668,94409";"3,26198"
"6,85000";"5,71569";"669,18103";"3,26755"
"6,86000";"5,72406";"669,41150";"3,27313"
"6,87000";"5,73244";"669,64081";"3,27925"
"6,88000";"5,74081";"669,87494";"3,28592"
"6,89000";"5,74912";"670,12561";"3,29238"
"6,90000";"5,75750";"670,38684";"3,29754"
"6,91000";"5,76587";"670,63580";"3,30200"
"6,92000";"5,77425";"670,88501";"3,30622"
"6,93000";"5,78269";"671,14069";"3,31037"
"6,94000";"5,79112";"671,40027";"3,31445"
"6,95000";"5,79950";"671,66907";"3,31895"
"6,96000";"5,80787";"671,92993";"3,32409"
"6,97000";"5,81625";"672,18768";"3,32904"
"6,98000";"5,82456";"672,42963";"3,33416"
"6,99000";"5,83287";"672,65759";"3,33885"
"7,00000";"5,84119";"672,88715";"3,34318"
"7,01000";"5,84950";"673,11578";"3,34708"
"7,02000";"5,85787";"673,33893";"3,35068"
"7,03000";"5,86619";"673,55872";"3,35403"
"7,04000";"5,87450";"673,78693";"3,35750"
"7,05000";"5,88281";"674,01740";"3,36096"
"7,06000";"5,89106";"674,24280";"3,36466"
"7,07000";"5,89937";"674,46967";"3,36882"
"7,08000";"5,90769";"674,69263";"3,37376"
"7,09000";"5,91600";"674,91357";"3,37851"
"7,10000";"5,92431";"675,12921";"3,38292"
"7,11000";"5,93262";"675,34662";"3,38799"
"7,12000";"5,94087";"675,55530";"3,39374"
"7,13000";"5,94919";"675,76068";"3,40013"
"7,14000";"5,95744";"675,97009";"3,40660"
"7,15000";"5,96575";"676,18048";"3,41323"
"7,16000";"5,97412";"676,39844";"3,41939"
"7,17000";"5,98250";"676,62103";"3,42487"
"7,18000";"5,99087";"676,85052";"3,43007"
"7,19000";"5,99925";"677,08002";"3,43524"
"7,20000";"6,00756";"677,30585";"3,43995"
"7,21000";"6,01594";"677,52728";"3,44401"
"7,22000";"6,02431";"677,75952";"3,44757"
"7,23000";"6,03269";"677,98718";"3,45132"
"7,24000";"6,04112";"678,20758";"3,45495"
"7,25000";"6,04950";"678,42816";"3,45909"
"7,26000";"6,05787";"678,65802";"3,46402"
"7,27000";"6,06619";"678,88171";"3,46939"
"7,28000";"6,07450";"679,10785";"3,47549"
"7,29000";"6,08281";"679,32880";"3,48199"
"7,30000";"6,09112";"679,54083";"3,48850"
"7,31000";"6,09950";"679,73792";"3,49458"
"7,32000";"6,10781";"679,93579";"3,50008"
"7,33000";"6,11619";"680,14783";"3,50527"
"7,34000";"6,12444";"680,35083";"3,51015"
"7,35000";"6,13275";"680,54004";"3,51449"
"7,36000";"6,14106";"680,73743";"3,51859"
"7,37000";"6,14931";"680,93054";"3,52270"
"7,38000";"6,15762";"681,12494";"3,52703"
"7,39000";"6,16594";"681,33295";"3,53119"
"7,40000";"6,17425";"681,55157";"3,53574"
"7,41000";"6,18256";"681,75970";"3,54037"
"7,42000";"6,19087";"681,95386";"3,54549"
"7,43000";"6,19912";"682,15442";"3,55058"
"7,44000";"6,20744";"682,35321";"3,55595"
"7,45000";"6,21575";"682,54651";"3,56133"
"7,46000";"6,22406";"682,73773";"3,56650"
"7,47000";"6,23244";"682,93250";"3,57155"
"7,48000";"6,24081";"683,13202";"3,57715"
"7,49000";"6,24912";"683,32379";"3,58310"
"7,50000";"6,25750";"683,51306";"3,58931"
"7,51000";"6,26587";"683,70831";"3,59667"
"7,52000";"6,27425";"683,91388";"3,60492"
"7,53000";"6,28262";"684,12286";"3,61247"
"7,54000";"6,29106";"684,32690";"3,61969"
"7,55000";"6,29950";"684,53210";"3,62664"
"7,56000";"6,30787";"684,73615";"3,63317"
"7,57000";"6,31619";"684,94653";"3,63938"
"7,58000";"6,32450";"685,15442";"3,64517"
"7,59000";"6,33281";"685,35498";"3,65055"
"7,60000";"6,34112";"685,54443";"3,65571"
"7,61000";"6,34944";"685,71857";"3,66111"
"7,62000";"6,35775";"685,88995";"3,66654"
"7,63000";"6,36606";"686,06696";"3,67192"
"7,64000";"6,37437";"686,25049";"3,67761"
"7,65000";"6,38262";"686,42682";"3,68380"
"7,66000";"6,39094";"686,60364";"3,68948"
"7,67000";"6,39919";"686,78186";"3,69483"
"7,68000";"6,40756";"686,96222";"3,69952"
"7,69000";"6,41587";"687,14819";"3,70430"
"7,70000";"6,42419";"687,32538";"3,70939"
"7,71000";"6,43250";"687,51111";"3,71469"
"7,72000";"6,44081";"687,69128";"3,71993"
"7,73000";"6,44906";"687,86169";"3,72483"
"7,74000";"6,45737";"688,03259";"3,72975"
"7,75000";"6,46569";"688,20270";"3,73486"
"7,76000";"6,47400";"688,37726";"3,73977"
"7,77000";"6,48244";"688,54681";"3,74472"
"7,78000";"6,49081";"688,72742";"3,75027"
"7,79000";"6,49919";"688,93323";"3,75607"
"7,80000";"6,50756";"689,13904";"3,76227"
"7,81000";"6,51594";"689,34015";"3,76829"
"7,82000";"6,52431";"689,53613";"3,77433"
"7,83000";"6,53275";"689,71808";"3,78108"
"7,84000";"6,54119";"689,90729";"3,78748"
"7,85000";"6,54956";"690,10248";"3,79380"
"7,86000";"6,55794";"690,29950";"3,80124"
"7,87000";"6,56625";"690,47906";"3,80956"
"7,88000";"6,57456";"690,64386";"3,81697"
"7,89000";"6,58287";"690,80933";"3,82331"
"7,90000";"6,59119";"690,97565";"3,82943"
"7,91000";"6,59950";"691,14124";"3,83490"
"7,92000";"6,60781";"691,30688";"3,83970"
"7,93000";"6,61612";"691,46985";"3,84442"
"7,94000";"6,62444";"691,62250";"3,84907"
"7,95000";"6,63269";"691,76807";"3,85347"
"7,96000";"6,64100";"691,91925";"3,85687"
"7,97000";"6,64925";"692,07880";"3,85989"
"7,98000";"6,65756";"692,24377";"3,86313"
"7,99000";"6,66587";"692,39325";"3,86673"
"8,00000";"6,67419";"692,54236";"3,87117"
"8,01000";"6,68256";"692,70081";"3,87549"
"8,02000";"6,69081";"692,85541";"3,87977"
"8,03000";"6,69912";"693,01880";"3,88489"
"8,04000";"6,70744";"693,18115";"3,89057"
"8,05000";"6,71575";"693,33783";"3,89642"
"8,06000";"6,72412";"693,49518";"3,90208"
"8,07000";"6,73250";"693,66455";"3,90790"
"8,08000";"6,74087";"693,84418";"3,91429"
"8,09000";"6,74925";"694,01465";"3,92147"
"8,10000";"6,75762";"694,18201";"3,92801"
"8,11000";"6,76600";"694,34894";"3,93430"
"8,12000";"6,77437";"694,51660";"3,94020"
"8,13000";"6,78275";"694,68701";"3,94535"
"8,14000";"6,79119";"694,86066";"3,95013"
"8,15000";"6,79956";"695,03381";"3,95481"
"8,16000";"6,80794";"695,19641";"3,95998"
"8,17000";"6,81625";"695,34717";"3,96578"
"8,18000";"6,82456";"695,50427";"3,97138"
"8,19000";"6,83281";"695,65295";"3,97701"
"8,20000";"6,84112";"695,80121";"3,98272"
"8,21000";"6,84950";"695,94348";"3,98796"
"8,22000";"6,85781";"696,08398";"3,99348"
"8,23000";"6,86619";"696,21631";"3,99908"
"8,24000";"6,87450";"696,35101";"4,00408"
"8,25000";"6,88275";"696,50812";"4,00853"
"8,26000";"6,89106";"696,67517";"4,01389"
"8,27000";"6,89931";"696,82153";"4,01974"
"8,28000";"6,90762";"696,96649";"4,02564"
"8,29000";"6,91594";"697,10345";"4,03118"
"8,30000";"6,92425";"697,23853";"4,03675"
"8,31000";"6,93256";"697,37085";"4,04153"
"8,32000";"6,94087";"697,51208";"4,04583"
"8,33000";"6,94912";"697,65704";"4,05026"
"8,34000";"6,95737";"697,78583";"4,05425"
"8,35000";"6,96569";"697,91766";"4,05816"
"8,36000";"6,97406";"698,04028";"4,06257"
"8,37000";"6,98244";"698,17133";"4,06759"
"8,38000";"6,99081";"698,30774";"4,07303"
"8,39000";"6,99919";"698,45947";"4,07816"
"8,40000";"7,00750";"698,63239";"4,08348"
"8,41000";"7,01587";"698,78741";"4,08937"
"8,42000";"7,02425";"698,93530";"4,09507"
"8,43000";"7,03269";"699,09198";"4,10089"
"8,44000";"7,04112";"699,24847";"4,10719"
"8,45000";"7,04956";"699,40875";"4,11310"
"8,46000";"7,05794";"699,57562";"4,11842"
"8,47000";"7,06625";"699,74109";"4,12398"
"8,48000";"7,07450";"699,88733";"4,13013"
"8,49000";"7,08281";"700,00873";"4,13599"
"8,50000";"7,09112";"700,13177";"4,14191"
"8,51000";"7,09944";"700,25250";"4,14817"
"8,52000";"7,10775";"700,36432";"4,15386"
"8,53000";"7,11612";"700,48145";"4,15988"
"8,54000";"7,12444";"700,61401";"4,16610"
"8,55000";"7,13269";"700,75165";"4,17209"
"8,56000";"7,14100";"700,87476";"4,17752"
"8,57000";"7,14931";"701,00397";"4,18261"
"8,58000";"7,15762";"701,13226";"4,18716"
"8,59000";"7,16594";"701,24438";"4,19184"
"8,60000";"7,17425";"701,36017";"4,19680"
"8,61000";"7,18256";"701,49164";"4,20144"
"8,62000";"7,19081";"701,62738";"4,20563"
"8,63000";"7,19906";"701,75000";"4,20974"
"8,64000";"7,20737";"701,86749";"4,21413"
"8,65000";"7,21569";"701,98431";"4,21900"
"8,66000";"7,22400";"702,10406";"4,22438"
"8,67000";"7,23237";"702,22522";"4,23065"
"8,68000";"7,24075";"702,35156";"4,23688"
"8,69000";"7,24912";"702,49200";"4,24279"
"8,70000";"7,25750";"702,63507";"4,24891"
"8,71000";"7,26587";"702,77179";"4,25549"
"8,72000";"7,27425";"702,91559";"4,26221"
"8,73000";"7,28269";"703,06311";"4,26923"
"8,74000";"7,29112";"703,19757";"4,27625"
"8,75000";"7,29950";"703,33655";"4,28238"
"8,76000";"7,30787";"703,47925";"4,28808"
"8,77000";"7,31619";"703,61121";"4,29358"
"8,78000";"7,32450";"703,73798";"4,29837"
"8,79000";"7,33281";"703,85559";"4,30218"
"8,80000";"7,34112";"703,96313";"4,30571"
"8,81000";"7,34944";"704,06921";"4,30888"
"8,82000";"7,35775";"704,17816";"4,31299"
"8,83000";"7,36606";"704,29706";"4,31793"
"8,84000";"7,37437";"704,41907";"4,32301"
"8,85000";"7,38269";"704,54108";"4,32875"
"8,86000";"7,39100";"704,65668";"4,33514"
"8,87000";"7,39925";"704,76239";"4,34187"
"8,88000";"7,40756";"704,87305";"4,34804"
"8,89000";"7,41587";"704,97821";"4,35415"
"8,90000";"7,42425";"705,07697";"4,36028"
"8,91000";"7,43256";"705,18250";"4,36599"
"8,92000";"7,44081";"705,29492";"4,37182"
"8,93000";"7,44912";"705,41144";"4,37771"
"8,94000";"7,45737";"705,53021";"4,38367"
"8,95000";"7,46575";"705,63898";"4,39038"
"8,96000";"7,47406";"705,75903";"4,39709"
"8,97000";"7,48244";"705,87775";"4,40326"
"8,98000";"7,49081";"706,00079";"4,40931"
"8,99000";"7,49919";"706,12109";"4,41531"
"9,00000";"7,50750";"706,24811";"4,42080"
"9,01000";"7,51587";"706,35596";"4,42598"
"9,02000";"7,52425";"706,46167";"4,43065"
"9,03000";"7,53269";"706,59003";"4,43420"
"9,04000";"7,54112";"706,71765";"4,43713"
"9,05000";"7,54956";"706,84387";"4,44058"
"9,06000";"7,55794";"706,97015";"4,44457"
"9,07000";"7,56625";"707,08594";"4,44809"
"9,08000";"7,57456";"707,20593";"4,45133"
"9,09000";"7,58287";"707,31573";"4,45504"
"9,10000";"7,59119";"707,42053";"4,45951"
"9,11000";"7,59950";"707,51636";"4,46549"
"9,12000";"7,60781";"707,62189";"4,47275"
"9,13000";"7,61619";"707,73999";"4,48146"
"9,14000";"7,62444";"707,85864";"4,49058"
"9,15000";"7,63269";"707,95654";"4,49909"
"9,16000";"7,64100";"708,04828";"4,50613"
"9,17000";"7,64931";"708,13940";"4,51202"
"9,18000";"7,65762";"708,22949";"4,51718"
"9,19000";"7,66594";"708,32684";"4,52224"
"9,20000";"7,67425";"708,42200";"4,52729"
"9,21000";"7,68256";"708,51923";"4,53239"
"9,22000";"7,69087";"708,61853";"4,53753"
"9,23000";"7,69919";"708,70953";"4,54325"
"9,24000";"7,70744";"708,79730";"4,54948"
"9,25000";"7,71575";"708,88934";"4,55672"
"9,26000";"7,72412";"708,99451";"4,56451"
"9,27000";"7,73250";"709,10321";"4,57163"
"9,28000";"7,74087";"709,21063";"4,57811"
"9,29000";"7,74925";"709,32013";"4,58414"
"9,30000";"7,75762";"709,43164";"4,58953"
"9,31000";"7,76600";"709,53668";"4,59468"
"9,32000";"7,77437";"709,63940";"4,59940"
"9,33000";"7,78275";"709,73755";"4,60412"
"9,34000";"7,79119";"709,83313";"4,60879"
"9,35000";"7,79956";"709,93420";"4,61422"
"9,36000";"7,80794";"710,04944";"4,61959"
"9,37000";"7,81625";"710,16443";"4,62523"
"9,38000";"7,82456";"710,26935";"4,63117"
"9,39000";"7,83281";"710,36859";"4,63740"
"9,40000";"7,84112";"710,44824";"4,64398"
"9,41000";"7,84944";"710,51953";"4,65116"
"9,42000";"7,85781";"710,60303";"4,65871"
"9,43000";"7,86612";"710,70673";"4,66600"
"9,44000";"7,87444";"710,80438";"4,67341"
"9,45000";"7,88275";"710,89630";"4,68004"
"9,46000";"7,89100";"710,98407";"4,68618"
"9,47000";"7,89931";"711,06720";"4,69260"
"9,48000";"7,90762";"711,14655";"4,69880"
"9,49000";"7,91594";"711,22302";"4,70460"
"9,50000";"7,92425";"711,30804";"4,71073"
"9,51000";"7,93256";"711,39484";"4,71675"
"9,52000";"7,94081";"711,46906";"4,72232"
"9,53000";"7,94912";"711,54877";"4,72780"
"9,54000";"7,95737";"711,63898";"4,73280"
"9,55000";"7,96569";"711,70636";"4,73766"
"9,56000";"7,97406";"711,77155";"4,74223"
"9,57000";"7,98237";"711,85052";"4,74648"
"9,58000";"7,99075";"711,93921";"4,75011"
"9,59000";"7,99919";"712,03204";"4,75383"
"9,60000";"8,00750";"712,13641";"4,75775"
"9,61000";"8,01587";"712,25323";"4,76234"
"9,62000";"8,02425";"712,35767";"4,76766"
"9,63000";"8,03269";"712,44751";"4,77300"
"9,64000";"8,04112";"712,53381";"4,77813"
"9,65000";"8,04950";"712,62842";"4,78276"
"9,66000";"8,05787";"712,71936";"4,78656"
"9,67000";"8,06619";"712,80481";"4,78941"
"9,68000";"8,07450";"712,89795";"4,79240"
"9,69000";"8,08281";"712,97943";"4,79580"
"9,70000";"8,09112";"713,04285";"4,79938"
"9,71000";"8,09950";"713,11212";"4,80330"
"9,72000";"8,10781";"713,19940";"4,80827"
"9,73000";"8,11612";"713,28833";"4,81445"
"9,74000";"8,12444";"713,35950";"4,82176"
"9,75000";"8,13275";"713,43079";"4,82978"
"9,76000";"8,14100";"713,50537";"4,83812"
"9,77000";"8,14931";"713,57471";"4,84555"
"9,78000";"8,15762";"713,65100";"4,85265"
"9,79000";"8,16594";"713,73096";"4,85918"
"9,80000";"8,17425";"713,80780";"4,86551"
"9,81000";"8,18256";"713,88165";"4,87113"
"9,82000";"8,19087";"713,95471";"4,87602"
"9,83000";"8,19912";"714,04120";"4,88091"
"9,84000";"8,20737";"714,11609";"4,88580"
"9,85000";"8,21569";"714,18683";"4,89056"
"9,86000";"8,22406";"714,26282";"4,89563"
"9,87000";"8,23244";"714,32849";"4,90112"
"9,88000";"8,24081";"714,39380";"4,90647"
"9,89000";"8,24919";"714,46948";"4,91219"
"9,90000";"8,25750";"714,56720";"4,91861"
"9,91000";"8,26587";"714,65845";"4,92527"
"9,92000";"8,27425";"714,73846";"4,93253"
"9,93000";"8,28269";"714,83105";"4,94046"
"9,94000";"8,29106";"714,91760";"4,94870"
"9,95000";"8,29950";"714,99432";"4,95739"
"9,96000";"8,30787";"715,07806";"4,96568"
"9,97000";"8,31619";"715,17334";"4,97315"
"9,98000";"8,32456";"715,26764";"4,97963"
"9,99000";"8,33281";"715,32874";"4,98532"
"10,00000";"8,34112";"715,39478";"4,99072"
"10,01000";"8,34950";"715,47192";"4,99562"
"10,02000";"8,35781";"715,53119";"5,00039"
"10,03000";"8,36612";"715,57745";"5,00600"
"10,04000";"8,37444";"715,63959";"5,01274"
"10,05000";"8,38269";"715,70532";"5,01999"
"10,06000";"8,39100";"715,75940";"5,02758"
"10,07000";"8,39931";"715,81818";"5,03499"
"10,08000";"8,40756";"715,89545";"5,04157"
"10,09000";"8,41587";"715,96411";"5,04736"
"10,10000";"8,42425";"716,02631";"5,05226"
"10,11000";"8,43250";"716,09961";"5,05666"
"10,12000";"8,44081";"716,16693";"5,06069"
"10,13000";"8,44912";"716,21356";"5,06438"
"10,14000";"8,45744";"716,26416";"5,06765"
"10,15000";"8,46575";"716,33521";"5,07164"
"10,16000";"8,47412";"716,40216";"5,07622"
"10,17000";"8,48250";"716,46942";"5,08170"
"10,18000";"8,49087";"716,54297";"5,08748"
"10,19000";"8,49925";"716,62317";"5,09347"
"10,20000";"8,50756";"716,70105";"5,09906"
"10,21000";"8,51594";"716,77356";"5,10408"
"10,22000";"8,52431";"716,85913";"5,10894"
"10,23000";"8,53269";"716,93994";"5,11426"
"10,24000";"8,54106";"717,00165";"5,11990"
"10,25000";"8,54950";"717,07867";"5,12607"
"10,26000";"8,55787";"717,16852";"5,13234"
"10,27000";"8,56619";"717,24921";"5,13898"
"10,28000";"8,57444";"717,31567";"5,14560"
"10,29000";"8,58275";"717,37537";"5,15170"
"10,30000";"8,59106";"717,42987";"5,15772"
"10,31000";"8,59944";"717,47461";"5,16336"
"10,32000";"8,60781";"717,52039";"5,16869"
"10,33000";"8,61612";"717,58112";"5,17363"
"10,34000";"8,62444";"717,64447";"5,17877"
"10,35000";"8,63275";"717,68964";"5,18409"
"10,36000";"8,64106";"717,74371";"5,18900"
"10,37000";"8,64937";"717,80457";"5,19431"
"10,38000";"8,65769";"717,86194";"5,20027"
"10,39000";"8,66600";"717,92542";"5,20662"
"10,40000";"8,67431";"717,98083";"5,21358"
"10,41000";"8,68262";"718,03613";"5,22177"
"10,42000";"8,69087";"718,08881";"5,23075"
"10,43000";"8,69919";"718,13757";"5,24021"
"10,44000";"8,70744";"718,17999";"5,24937"
"10,45000";"8,71575";"718,22217";"5,25707"
"10,46000";"8,72412";"718,26654";"5,26352"
"10,47000";"8,73250";"718,31329";"5,26885"
"10,48000";"8,74087";"718,36584";"5,27343"
"10,49000";"8,74919";"718,42664";"5,27788"
"10,50000";"8,75756";"718,49292";"5,28223"
"10,51000";"8,76587";"718,55402";"5,28664"
"10,52000";"8,77431";"718,62482";"5,29200"
"10,53000";"8,78269";"718,69122";"5,29772"
"10,54000";"8,79106";"718,75140";"5,30303"
"10,55000";"8,79944";"718,82159";"5,30806"
"10,56000";"8,80781";"718,90131";"5,31329"
"10,57000";"8,81619";"718,97491";"5,31828"
"10,58000";"8,82450";"719,03662";"5,32322"
"10,59000";"8,83281";"719,08893";"5,32811"
"10,60000";"8,84112";"719,13910";"5,33273"
"10,61000";"8,84944";"719,18378";"5,33681"
"10,62000";"8,85781";"719,22870";"5,34159"
"10,63000";"8,86612";"719,28320";"5,34793"
"10,64000";"8,87444";"719,34467";"5,35540"
"10,65000";"8,88275";"719,40063";"5,36255"
"10,66000";"8,89106";"719,44586";"5,36955"
"10,67000";"8,89931";"719,48126";"5,37641"
"10,68000";"8,90769";"719,51862";"5,38281"
"10,69000";"8,91600";"719,54980";"5,38907"
"10,70000";"8,92431";"719,59009";"5,39596"
"10,71000";"8,93262";"719,64233";"5,40343"
"10,72000";"8,94094";"719,68549";"5,41092"
"10,73000";"8,94919";"719,73505";"5,41806"
"10,74000";"8,95744";"719,78113";"5,42513"
"10,75000";"8,96575";"719,82898";"5,43193"
"10,76000";"8,97406";"719,87048";"5,43808"
"10,77000";"8,98244";"719,91467";"5,44408"
"10,78000";"8,99081";"719,97034";"5,45004"
"10,79000";"8,99919";"720,02417";"5,45610"
"10,80000";"9,00750";"720,08521";"5,46167"
"10,81000";"9,01587";"720,14838";"5,46688"
"10,82000";"9,02425";"720,21143";"5,47137"
"10,83000";"9,03262";"720,26691";"5,47584"
"10,84000";"9,04106";"720,31726";"5,48060"
"10,85000";"9,04950";"720,38287";"5,48489"
"10,86000";"9,05787";"720,45282";"5,48948"
"10,87000";"9,06619";"720,51440";"5,49444"
"10,88000";"9,07450";"720,56256";"5,50006"
"10,89000";"9,08281";"720,59912";"5,50582"
"10,90000";"9,09112";"720,63348";"5,51208"
"10,91000";"9,09944";"720,67334";"5,51834"
"10,92000";"9,10775";"720,71814";"5,52444"
"10,93000";"9,11606";"720,76007";"5,53117"
"10,94000";"9,12444";"720,78961";"5,53702"
"10,95000";"9,13269";"720,82983";"5,54302"
"10,96000";"9,14100";"720,87811";"5,54879"
"10,97000";"9,14925";"720,91431";"5,55493"
"10,98000";"9,15756";"720,94702";"5,56018"
"10,99000";"9,16587";"720,98718";"5,56465"
"11,00000";"9,17419";"721,01941";"5,56934"
"11,01000";"9,18256";"721,04980";"5,57414"
"11,02000";"9,19081";"721,08423";"5,57838"
"11,03000";"9,19906";"721,12164";"5,58214"
"11,04000";"9,20737";"721,14581";"5,58549"
"11,05000";"9,21569";"721,17096";"5,58874"
"11,06000";"9,22400";"721,20807";"5,59227"
"11,07000";"9,23237";"721,25122";"5,59658"
"11,08000";"9,24075";"721,29211";"5,60201"
"11,09000";"9,24912";"721,34875";"5,60794"
"11,10000";"9,25750";"721,41534";"5,61358"
"11,11000";"9,26587";"721,46594";"5,61928"
"11,12000";"9,27425";"721,50977";"5,62523"
"11,13000";"9,28269";"721,56506";"5,63147"
"11,14000";"9,29106";"721,61792";"5,63862"
"11,15000";"9,29950";"721,67017";"5,64707"
"11,16000";"9,30794";"721,72412";"5,65581"
"11,17000";"9,31625";"721,78760";"5,66499"
"11,18000";"9,32456";"721,84741";"5,67403"
"11,19000";"9,33287";"721,87653";"5,68250"
"11,20000";"9,34119";"721,89838";"5,69089"
"11,21000";"9,34950";"721,92255";"5,69893"
"11,22000";"9,35781";"721,93542";"5,70604"
"11,23000";"9,36612";"721,95789";"5,71293"
"11,24000";"9,37444";"721,99469";"5,71960"
"11,25000";"9,38269";"722,02100";"5,72622"
"11,26000";"9,39100";"722,04108";"5,73206"
"11,27000";"9,39925";"722,06610";"5,73708"
"11,28000";"9,40756";"722,09558";"5,74117"
"11,29000";"9,41587";"722,12762";"5,74521"
"11,30000";"9,42419";"722,16235";"5,74978"
"11,31000";"9,43256";"722,20819";"5,75465"
"11,32000";"9,44087";"722,23584";"5,76000"
"11,33000";"9,44912";"722,25763";"5,76576"
"11,34000";"9,45744";"722,29053";"5,77184"
"11,35000";"9,46575";"722,31958";"5,77781"
"11,36000";"9,47406";"722,34705";"5,78425"
"11,37000";"9,48250";"722,38190";"5,79070"
"11,38000";"9,49087";"722,42224";"5,79736"
"11,39000";"9,49925";"722,46497";"5,80381"
"11,40000";"9,50756";"722,52057";"5,80990"
"11,41000";"9,51594";"722,56671";"5,81569"
"11,42000";"9,52437";"722,61212";"5,82096"
"11,43000";"9,53275";"722,66302";"5,82566"
"11,44000";"9,54119";"722,71478";"5,83005"
"11,45000";"9,54956";"722,75885";"5,83416"
"11,46000";"9,55787";"722,79834";"5,83858"
"11,47000";"9,56625";"722,82684";"5,84303"
"11,48000";"9,57456";"722,86420";"5,84821"
"11,49000";"9,58281";"722,88470";"5,85388"
"11,50000";"9,59119";"722,90179";"5,85975"
"11,51000";"9,59950";"722,93304";"5,86592"
"11,52000";"9,60781";"722,95703";"5,87275"
"11,53000";"9,61619";"722,97430";"5,87952"
"11,54000";"9,62450";"722,99316";"5,88659"
"11,55000";"9,63281";"723,01642";"5,89374"
"11,56000";"9,64106";"723,04272";"5,90089"
"11,57000";"9,64937";"723,06567";"5,90790"
"11,58000";"9,65769";"723,08710";"5,91410"
"11,59000";"9,66600";"723,11896";"5,92025"
"11,60000";"9,67431";"723,14142";"5,92643"
"11,61000";"9,68262";"723,16614";"5,93181"
"11,62000";"9,69094";"723,18756";"5,93768"
"11,63000";"9,69919";"723,20410";"5,94420"
"11,64000";"9,70750";"723,21350";"5,95027"
"11,65000";"9,71581";"723,22296";"5,95574"
"11,66000";"9,72412";"723,24066";"5,96117"
"11,67000";"9,73250";"723,26703";"5,96613"
"11,68000";"9,74087";"723,30768";"5,97109"
"11,69000";"9,74925";"723,34131";"5,97634"
"11,70000";"9,75762";"723,37769";"5,98116"
"11,71000";"9,76594";"723,40253";"5,98533"
"11,72000";"9,77431";"723,42798";"5,98946"
"11,73000";"9,78269";"723,46344";"5,99382"
"11,74000";"9,79112";"723,50079";"5,99932"
"11,75000";"9,79950";"723,55023";"6,00657"
"11,76000";"9,80787";"723,59259";"6,01442"
"11,77000";"9,81619";"723,62781";"6,02139"
"11,78000";"9,82450";"723,65570";"6,02804"
"11,79000";"9,83281";"723,66907";"6,03488"
"11,80000";"9,84112";"723,68311";"6,04133"
"11,81000";"9,84944";"723,70166";"6,04741"
"11,82000";"9,85775";"723,71466";"6,05298"
"11,83000";"9,86612";"723,72986";"6,05871"
"11,84000";"9,87444";"723,74561";"6,06483"
"11,85000";"9,88268";"723,75958";"6,07124"
"11,86000";"9,89100";"723,77863";"6,07765"
"11,87000";"9,89925";"723,79901";"6,08382"
"11,88000";"9,90756";"723,81177";"6,08932"
"11,89000";"9,91594";"723,82465";"6,09406"
"11,90000";"9,92425";"723,84210";"6,09963"
"11,91000";"9,93256";"723,86102";"6,10617"
"11,92000";"9,94087";"723,88434";"6,11294"
"11,93000";"9,94912";"723,90442";"6,11998"
"11,94000";"9,95744";"723,92517";"6,12671"
"11,95000";"9,96569";"723,94037";"6,13335"
"11,96000";"9,97406";"723,94940";"6,13983"
"11,97000";"9,98244";"723,97083";"6,14655"
"11,98000";"9,99081";"723,99792";"6,15383"
"11,99000";"9,99912";"724,01593";"6,16203"
"12,00000";"10,00750";"724,03632";"6,17045"
"12,01000";"10,01581";"724,05878";"6,17838"
"12,02000";"10,02425";"724,09137";"6,18577"
"12,03000";"10,03262";"724,12250";"6,19334"
"12,04000";"10,04106";"724,15826";"6,20063"
"12,05000";"10,04950";"724,20801";"6,20769"
"12,06000";"10,05787";"724,25732";"6,21448"
"12,07000";"10,06625";"724,29529";"6,22026"
"12,08000";"10,07450";"724,31433";"6,22546"
"12,09000";"10,08281";"724,32751";"6,22957"
"12,10000";"10,09106";"724,33545";"6,23268"
"12,11000";"10,09943";"724,34058";"6,23534"
"12,12000";"10,10775";"724,33844";"6,23865"
"12,13000";"10,11606";"724,34186";"6,24310"
"12,14000";"10,12437";"724,36243";"6,24824"
"12,15000";"10,13262";"724,37866";"6,25395"
"12,16000";"10,14093";"724,39288";"6,26018"
"12,17000";"10,14925";"724,40186";"6,26682"
"12,18000";"10,15756";"724,41241";"6,27370"
"12,19000";"10,16587";"724,42883";"6,27986"
"12,20000";"10,17419";"724,43823";"6,28579"
"12,21000";"10,18250";"724,45856";"6,29191"
"12,22000";"10,19081";"724,46948";"6,29814"
"12,23000";"10,19912";"724,47339";"6,30445"
"12,24000";"10,20737";"724,48181";"6,31072"
"12,25000";"10,21569";"724,48730";"6,31637"
"12,26000";"10,22406";"724,48999";"6,32185"
"12,27000";"10,23244";"724,49463";"6,32787"
"12,28000";"10,24087";"724,51599";"6,33432"
"12,29000";"10,24925";"724,53650";"6,34110"
"12,30000";"10,25756";"724,56122";"6,34805"
"12,31000";"10,26594";"724,58948";"6,35464"
"12,32000";"10,27431";"724,61670";"6,36108"
"12,33000";"10,28275";"724,64050";"6,36739"
"12,34000";"10,29112";"724,67169";"6,37335"
"12,35000";"10,29956";"724,69971";"6,37961"
"12,36000";"10,30793";"724,72955";"6,38579"
"12,37000";"10,31625";"724,75598";"6,39161"
"12,38000";"10,32456";"724,76477";"6,39660"
"12,39000";"10,33287";"724,76099";"6,40113"
"12,40000";"10,34119";"724,76965";"6,40559"
"12,41000";"10,34950";"724,77838";"6,41000"
"12,42000";"10,35781";"724,77563";"6,41456"
"12,43000";"10,36612";"724,77496";"6,42007"
"12,44000";"10,37444";"724,77325";"6,42649"
"12,45000";"10,38269";"724,77380";"6,43321"
"12,46000";"10,39094";"724,78107";"6,43959"
"12,47000";"10,39925";"724,79285";"6,44506"
"12,48000";"10,40756";"724,80194";"6,45051"
"12,49000";"10,41594";"724,80975";"6,45661"
"12,50000";"10,42425";"724,81769";"6,46324"
"12,51000";"10,43256";"724,83270";"6,46969"
"12,52000";"10,44087";"724,84357";"6,47692"
"12,53000";"10,44912";"724,86328";"6,48467"
"12,54000";"10,45744";"724,87476";"6,49228"
"12,55000";"10,46575";"724,88159";"6,49948"
"12,56000";"10,47412";"724,89270";"6,50631"
"12,57000";"10,48250";"724,90601";"6,51243"
"12,58000";"10,49087";"724,91803";"6,51791"
"12,59000";"10,49925";"724,92236";"6,52258"
"12,60000";"10,50756";"724,93298";"6,52652"
"12,61000";"10,51594";"724,94531";"6,53021"
"12,62000";"10,52431";"724,96100";"6,53382"
"12,63000";"10,53269";"724,97339";"6,53755"
"12,64000";"10,54112";"724,98773";"6,54140"
"12,65000";"10,54950";"725,00861";"6,54479"
"12,66000";"10,55787";"725,03912";"6,54813"
"12,67000";"10,56625";"725,05853";"6,55213"
"12,68000";"10,57450";"725,06537";"6,55750"
"12,69000";"10,58281";"725,06860";"6,56449"
"12,70000";"10,59112";"725,06958";"6,57293"
"12,71000";"10,59950";"725,06287";"6,58286"
"12,72000";"10,60781";"725,05353";"6,59378"
"12,73000";"10,61612";"725,04614";"6,60457"
"12,74000";"10,62444";"725,03497";"6,61419"
"12,75000";"10,63275";"725,03113";"6,62266"
"12,76000";"10,64100";"725,03259";"6,62974"
"12,77000";"10,64931";"725,04724";"6,63640"
"12,78000";"10,65762";"725,05469";"6,64334"
"12,79000";"10,66594";"725,05353";"6,65033"
"12,80000";"10,67431";"725,06018";"6,65660"
"12,81000";"10,68256";"725,05304";"6,66272"
"12,82000";"10,69087";"725,04095";"6,66861"
"12,83000";"10,69919";"725,03601";"6,67506"
"12,84000";"10,70744";"725,04187";"6,68196"
"12,85000";"10,71575";"725,04596";"6,68855"
"12,86000";"10,72412";"725,04486";"6,69566"
"12,87000";"10,73244";"725,04419";"6,70282"
"12,88000";"10,74081";"725,05017";"6,71033"
"12,89000";"10,74919";"725,06500";"6,71776"
"12,90000";"10,75756";"725,07660";"6,72463"
"12,91000";"10,76587";"725,08997";"6,73057"
"12,92000";"10,77425";"725,11035";"6,73584"
"12,93000";"10,78269";"725,11859";"6,74141"
"12,94000";"10,79106";"725,12994";"6,74730"
"12,95000";"10,79944";"725,14618";"6,75301"
"12,96000";"10,80781";"725,16394";"6,75898"
"12,97000";"10,81612";"725,16821";"6,76536"
"12,98000";"10,82444";"725,17401";"6,77193"
"12,99000";"10,83275";"725,17468";"6,77838"
"13,00000";"10,84106";"725,17139";"6,78494"
"13,01000";"10,84943";"725,16785";"6,79162"
"13,02000";"10,85775";"725,17023";"6,79854"
"13,03000";"10,86606";"725,17249";"6,80463"
"13,04000";"10,87437";"725,16113";"6,81017"
"13,05000";"10,88269";"725,15729";"6,81510"
"13,06000";"10,89094";"725,16779";"6,81972"
"13,07000";"10,89925";"725,16058";"6,82538"
"13,08000";"10,90756";"725,15326";"6,83105"
"13,09000";"10,91587";"725,14215";"6,83637"
"13,10000";"10,92419";"725,13501";"6,84189"
"13,11000";"10,93250";"725,13342";"6,84746"
"13,12000";"10,94081";"725,12799";"6,85283"
"13,13000";"10,94906";"725,12457";"6,85708"
"13,14000";"10,95737";"725,11517";"6,86033"
"13,15000";"10,96569";"725,09521";"6,86352"
"13,16000";"10,97400";"725,09003";"6,86747"
"13,17000";"10,98237";"725,08496";"6,87318"
"13,18000";"10,99075";"725,09082";"6,88093"
"13,19000";"10,99912";"725,09967";"6,88966"
"13,20000";"11,00750";"725,11243";"6,89885"
"13,21000";"11,01587";"725,13153";"6,90912"
"13,22000";"11,02425";"725,15369";"6,91971"
"13,23000";"11,03262";"725,16980";"6,92972"
"13,24000";"11,04106";"725,18134";"6,93816"
"13,25000";"11,04950";"725,19073";"6,94597"
"13,26000";"11,05787";"725,20862";"6,95330"
"13,27000";"11,06618";"725,22229";"6,95992"
"13,28000";"11,07450";"725,22992";"6,96598"
"13,29000";"11,08281";"725,22552";"6,97123"
"13,30000";"11,09119";"725,21863";"6,97580"
"13,31000";"11,09950";"725,20642";"6,98018"
"13,32000";"11,10787";"725,18842";"6,98370"
"13,33000";"11,11619";"725,17938";"6,98689"
"13,34000";"11,12443";"725,17340";"6,98973"
"13,35000";"11,13275";"725,16425";"6,99282"
"13,36000";"11,14100";"725,14728";"6,99635"
"13,37000";"11,14931";"725,12695";"7,00074"
"13,38000";"11,15756";"725,11346";"7,00612"
"13,39000";"11,16587";"725,09558";"7,01219"
"13,40000";"11,17425";"725,07538";"7,01963"
"13,41000";"11,18256";"725,06952";"7,02784"
"13,42000";"11,19081";"725,06891";"7,03670"
"13,43000";"11,19912";"725,06464";"7,04659"
"13,44000";"11,20737";"725,06323";"7,05614"
"13,45000";"11,21575";"725,05811";"7,06443"
"13,46000";"11,22412";"725,05707";"7,07094"
"13,47000";"11,23250";"725,05872";"7,07642"
"13,48000";"11,24094";"725,06830";"7,08123"
"13,49000";"11,24931";"725,08154";"7,08653"
"13,50000";"11,25762";"725,09723";"7,09214"
"13,51000";"11,26600";"725,09900";"7,09848"
"13,52000";"11,27437";"725,10077";"7,10508"
"13,53000";"11,28281";"725,10272";"7,11233"
"13,54000";"11,29125";"725,10541";"7,12032"
"13,55000";"11,29962";"725,11914";"7,12805"
"13,56000";"11,30800";"725,12610";"7,13582"
"13,57000";"11,31631";"725,12805";"7,14362"
"13,58000";"11,32462";"725,12756";"7,15170"
"13,59000";"11,33287";"725,11963";"7,15958"
"13,60000";"11,34119";"725,10144";"7,16639"
"13,61000";"11,34950";"725,08441";"7,17261"
"13,62000";"11,35781";"725,07074";"7,17869"
"13,63000";"11,36619";"725,05890";"7,18422"
"13,64000";"11,37450";"725,04767";"7,18949"
"13,65000";"11,38275";"725,04041";"7,19450"
"13,66000";"11,39100";"725,02271";"7,20019"
"13,67000";"11,39931";"725,00104";"7,20544"
"13,68000";"11,40762";"724,97736";"7,21072"
"13,69000";"11,41594";"724,96368";"7,21645"
"13,70000";"11,42431";"724,94739";"7,22217"
"13,71000";"11,43256";"724,92346";"7,22745"
"13,72000";"11,44087";"724,90460";"7,23270"
"13,73000";"11,44912";"724,89148";"7,23798"
"13,74000";"11,45744";"724,88739";"7,24372"
"13,75000";"11,46575";"724,88000";"7,24939"
"13,76000";"11,47406";"724,87152";"7,25582"
"13,77000";"11,48250";"724,86200";"7,26235"
"13,78000";"11,49087";"724,85486";"7,26870"
"13,79000";"11,49925";"724,85126";"7,27503"
"13,80000";"11,50762";"724,85657";"7,28169"
"13,81000";"11,51593";"724,85437";"7,28820"
"13,82000";"11,52431";"724,84784";"7,29552"
"13,83000";"11,53275";"724,84692";"7,30421"
"13,84000";"11,54119";"724,84955";"7,31347"
"13,85000";"11,54956";"724,84985";"7,32315"
"13,86000";"11,55787";"724,85046";"7,33244"
"13,87000";"11,56619";"724,85358";"7,34039"
"13,88000";"11,57444";"724,84369";"7,34688"
"13,89000";"11,58275";"724,82257";"7,35222"
"13,90000";"11,59106";"724,80798";"7,35668"
"13,91000";"11,59937";"724,78918";"7,36133"
"13,92000";"11,60775";"724,76581";"7,36582"
"13,93000";"11,61606";"724,74719";"7,37009"
"13,94000";"11,62437";"724,73267";"7,37477"
"13,95000";"11,63269";"724,71155";"7,37977"
"13,96000";"11,64100";"724,70776";"7,38486"
"13,97000";"11,64931";"724,69592";"7,38980"
"13,98000";"11,65762";"724,68097";"7,39476"
"13,99000";"11,66593";"724,65686";"7,39991"
"14,00000";"11,67425";"724,63214";"7,40571"
"14,01000";"11,68256";"724,60858";"7,41139"
"14,02000";"11,69081";"724,58905";"7,41683"
"14,03000";"11,69912";"724,58258";"7,42241"
"14,04000";"11,70737";"724,55975";"7,42819"
"14,05000";"11,71568";"724,53613";"7,43361"
"14,06000";"11,72400";"724,53156";"7,43935"
"14,07000";"11,73237";"724,52283";"7,44514"
"14,08000";"11,74075";"724,50531";"7,45212"
"14,09000";"11,74906";"724,48743";"7,45998"
"14,10000";"11,75743";"724,48035";"7,46767"
"14,11000";"11,76575";"724,46545";"7,47543"
"14,12000";"11,77412";"724,45325";"7,48365"
"14,13000";"11,78256";"724,46838";"7,49204"
"14,14000";"11,79106";"724,46674";"7,50124"
"14,15000";"11,79944";"724,46057";"7,50947"
"14,16000";"11,80787";"724,46301";"7,51658"
"14,17000";"11,81618";"724,47137";"7,52272"
"14,18000";"11,82450";"724,47357";"7,52787"
"14,19000";"11,83281";"724,46625";"7,53230"
"14,20000";"11,84112";"724,46295";"7,53656"
"14,21000";"11,84944";"724,44275";"7,54103"
"14,22000";"11,85775";"724,39954";"7,54703"
"14,23000";"11,86612";"724,36847";"7,55392"
"14,24000";"11,87437";"724,34625";"7,56169"
"14,25000";"11,88268";"724,32794";"7,56967"
"14,26000";"11,89100";"724,30548";"7,57758"
"14,27000";"11,89931";"724,28973";"7,58520"
"14,28000";"11,90762";"724,27216";"7,59238"
"14,29000";"11,91594";"724,24329";"7,59884"
"14,30000";"11,92425";"724,22168";"7,60511"
"14,31000";"11,93256";"724,21332";"7,61090"
"14,32000";"11,94081";"724,19061";"7,61628"
"14,33000";"11,94906";"724,16388";"7,62196"
"14,34000";"11,95731";"724,14655";"7,62812"
"14,35000";"11,96562";"724,13611";"7,63503"
"14,36000";"11,97400";"724,10968";"7,64300"
"14,37000";"11,98237";"724,08514";"7,65166"
"14,38000";"11,99075";"724,07336";"7,66109"
"14,39000";"11,99912";"724,06061";"7,67041"
"14,40000";"12,00750";"724,05286";"7,67973"
"14,41000";"12,01587";"724,04639";"7,68824"
"14,42000";"12,02425";"724,04443";"7,69531"
"14,43000";"12,03275";"724,04706";"7,70083"
"14,44000";"12,04119";"724,05090";"7,70488"
"14,45000";"12,04956";"724,05347";"7,70830"
"14,46000";"12,05794";"724,05292";"7,71164"
"14,47000";"12,06631";"724,04279";"7,71475"
"14,48000";"12,07462";"724,02856";"7,71824"
"14,49000";"12,08287";"724,01245";"7,72253"
"14,50000";"12,09118";"723,98254";"7,72762"
"14,51000";"12,09950";"723,94141";"7,73367"
"14,52000";"12,10787";"723,91241";"7,74037"
"14,53000";"12,11619";"723,88983";"7,74724"
"14,54000";"12,12450";"723,86493";"7,75361"
"14,55000";"12,13275";"723,82965";"7,75939"
"14,56000";"12,14100";"723,80835";"7,76538"
"14,57000";"12,14931";"723,78101";"7,77109"
"14,58000";"12,15762";"723,74518";"7,77633"
"14,59000";"12,16594";"723,72693";"7,78185"
"14,60000";"12,17431";"723,70612";"7,78763"
"14,61000";"12,18262";"723,67780";"7,79412"
"14,62000";"12,19087";"723,65045";"7,80172"
"14,63000";"12,19918";"723,63892";"7,81071"
"14,64000";"12,20744";"723,61462";"7,82083"
"14,65000";"12,21581";"723,58405";"7,83067"
"14,66000";"12,22412";"723,56427";"7,83959"
"14,67000";"12,23250";"723,54877";"7,84723"
"14,68000";"12,24087";"723,53046";"7,85366"
"14,69000";"12,24925";"723,52325";"7,85913"
"14,70000";"12,25762";"723,51965";"7,86347"
"14,71000";"12,26594";"723,51324";"7,86782"
"14,72000";"12,27431";"723,50500";"7,87269"
"14,73000";"12,28275";"723,49591";"7,87748"
"14,74000";"12,29112";"723,48694";"7,88235"
"14,75000";"12,29956";"723,47388";"7,88789"
"14,76000";"12,30794";"723,47754";"7,89411"
"14,77000";"12,31625";"723,48749";"7,90051"
"14,78000";"12,32456";"723,47296";"7,90800"
"14,79000";"12,33287";"723,43976";"7,91603"
"14,80000";"12,34119";"723,40631";"7,92430"
"14,81000";"12,34950";"723,37402";"7,93293"
"14,82000";"12,35781";"723,32593";"7,94113"
"14,83000";"12,36612";"723,29016";"7,94896"
"14,84000";"12,37444";"723,27057";"7,95671"
"14,85000";"12,38269";"723,24811";"7,96387"
"14,86000";"12,39100";"723,21863";"7,96981"
"14,87000";"12,39931";"723,18701";"7,97506"
"14,88000";"12,40756";"723,16022";"7,98026"
"14,89000";"12,41594";"723,11737";"7,98620"
"14,90000";"12,42425";"723,07520";"7,99245"
"14,91000";"12,43256";"723,06036";"7,99872"
"14,92000";"12,44087";"723,04858";"8,00512"
"14,93000";"12,44919";"723,02856";"8,01163"
"14,94000";"12,45744";"722,99866";"8,01831"
"14,95000";"12,46575";"722,96521";"8,02539"
"14,96000";"12,47412";"722,92914";"8,03329"
"14,97000";"12,48250";"722,89380";"8,04159"
"14,98000";"12,49087";"722,87189";"8,04888"
"14,99000";"12,49919";"722,85944";"8,05536"
"15,00000";"12,50756";"722,85675";"8,06180"
"15,01000";"12,51587";"722,85406";"8,06843"
"15,02000";"12,52431";"722,83997";"8,07535"
"15,03000";"12,53269";"722,82410";"8,08284"
"15,04000";"12,54112";"722,81128";"8,09094"
"15,05000";"12,54950";"722,80334";"8,09972"
"15,06000";"12,55781";"722,78351";"8,10806"
"15,07000";"12,56612";"722,75562";"8,11512"
"15,08000";"12,57444";"722,73584";"8,12156"
"15,09000";"12,58275";"722,70453";"8,12762"
"15,10000";"12,59106";"722,65533";"8,13343"
"15,11000";"12,59937";"722,62238";"8,13890"
"15,12000";"12,60775";"722,59955";"8,14403"
"15,13000";"12,61606";"722,58136";"8,14954"
"15,14000";"12,62437";"722,54584";"8,15497"
"15,15000";"12,63268";"722,51367";"8,16013"
"15,16000";"12,64093";"722,49561";"8,16553"
"15,17000";"12,64925";"722,46613";"8,17085"
"15,18000";"12,65756";"722,42041";"8,17644"
"15,19000";"12,66594";"722,38177";"8,18269"
"15,20000";"12,67419";"722,35852";"8,19035"
"15,21000";"12,68250";"722,32672";"8,19931"
"15,22000";"12,69075";"722,29175";"8,20832"
"15,23000";"12,69906";"722,26727";"8,21694"
"15,24000";"12,70731";"722,23706";"8,22446"
"15,25000";"12,71562";"722,19421";"8,23082"
"15,26000";"12,72400";"722,15668";"8,23573"
"15,27000";"12,73237";"722,13776";"8,24068"
"15,28000";"12,74075";"722,11041";"8,24702"
"15,29000";"12,74912";"722,07733";"8,25401"
"15,30000";"12,75750";"722,06775";"8,26132"
"15,31000";"12,76581";"722,06079";"8,26877"
"15,32000";"12,77425";"722,04871";"8,27594"
"15,33000";"12,78269";"722,03613";"8,28314"
"15,34000";"12,79106";"722,03876";"8,29027"
"15,35000";"12,79950";"722,04315";"8,29639"
"15,36000";"12,80794";"722,03107";"8,30187"
"15,37000";"12,81625";"722,02069";"8,30803"
"15,38000";"12,82456";"722,00012";"8,31487"
"15,39000";"12,83287";"721,95734";"8,32171"
"15,40000";"12,84119";"721,92432";"8,32854"
"15,41000";"12,84950";"721,90485";"8,33592"
"15,42000";"12,85781";"721,87732";"8,34364"
"15,43000";"12,86619";"721,83215";"8,35089"
"15,44000";"12,87444";"721,78992";"8,35777"
"15,45000";"12,88275";"721,76514";"8,36444"
"15,46000";"12,89106";"721,73444";"8,37080"
"15,47000";"12,89931";"721,69055";"8,37672"
"15,48000";"12,90762";"721,66522";"8,38193"
"15,49000";"12,91594";"721,63916";"8,38686"
"15,50000";"12,92425";"721,60175";"8,39153"
"15,51000";"12,93262";"721,56860";"8,39611"
"15,52000";"12,94087";"721,53247";"8,40069"
"15,53000";"12,94912";"721,49316";"8,40547"
"15,54000";"12,95743";"721,44727";"8,41017"
"15,55000";"12,96575";"721,40710";"8,41509"
"15,56000";"12,97412";"721,38025";"8,42092"
"15,57000";"12,98250";"721,34766";"8,42824"
"15,58000";"12,99087";"721,32007";"8,43605"
"15,59000";"12,99925";"721,29828";"8,44368"
"15,60000";"13,00756";"721,28156";"8,45131"
"15,61000";"13,01594";"721,26263";"8,45831"
"15,62000";"13,02431";"721,24445";"8,46494"
"15,63000";"13,03275";"721,23541";"8,47188"
"15,64000";"13,04112";"721,22241";"8,47935"
"15,65000";"13,04956";"721,20636";"8,48652"
"15,66000";"13,05793";"721,19965";"8,49383"
"15,67000";"13,06625";"721,18378";"8,50173"
"15,68000";"13,07456";"721,15784";"8,50874"
"15,69000";"13,08287";"721,11407";"8,51443"
"15,70000";"13,09119";"721,08014";"8,52007"
"15,71000";"13,09950";"721,05811";"8,52584"
"15,72000";"13,10787";"721,02136";"8,53195"
"15,73000";"13,11619";"720,98163";"8,53911"
"15,74000";"13,12450";"720,92859";"8,54752"
"15,75000";"13,13275";"720,88165";"8,55719"
"15,76000";"13,14106";"720,84546";"8,56819"
"15,77000";"13,14931";"720,79517";"8,58027"
"15,78000";"13,15762";"720,74286";"8,59219"
"15,79000";"13,16593";"720,71143";"8,60228"
"15,80000";"13,17425";"720,67822";"8,60997"
"15,81000";"13,18256";"720,63812";"8,61627"
"15,82000";"13,19081";"720,60876";"8,62147"
"15,83000";"13,19912";"720,59387";"8,62582"
"15,84000";"13,20743";"720,55939";"8,62984"
"15,85000";"13,21575";"720,50677";"8,63401"
"15,86000";"13,22412";"720,46985";"8,63784"
"15,87000";"13,23250";"720,45319";"8,64149"
"15,88000";"13,24094";"720,43268";"8,64581"
"15,89000";"13,24925";"720,41064";"8,65178"
"15,90000";"13,25762";"720,40314";"8,65775"
"15,91000";"13,26594";"720,37714";"8,66373"
"15,92000";"13,27431";"720,34949";"8,66984"
"15,93000";"13,28269";"720,33002";"8,67555"
"15,94000";"13,29112";"720,31177";"8,68076"
"15,95000";"13,29950";"720,29321";"8,68562"
"15,96000";"13,30781";"720,26086";"8,69048"
"15,97000";"13,31612";"720,22980";"8,69574"
"15,98000";"13,32444";"720,18964";"8,70101"
"15,99000";"13,33275";"720,13287";"8,70624"
"16,00000";"13,34106";"720,09729";"8,71227"
"16,01000";"13,34937";"720,06323";"8,71953"
"16,02000";"13,35769";"720,02448";"8,72792"
"16,03000";"13,36606";"719,98572";"8,73733"
"16,04000";"13,37437";"719,95435";"8,74724"
"16,05000";"13,38269";"719,93170";"8,75772"
"16,06000";"13,39100";"719,89508";"8,76793"
"16,07000";"13,39931";"719,85437";"8,77795"
"16,08000";"13,40762";"719,82831";"8,78717"
"16,09000";"13,41594";"719,78943";"8,79558"
"16,10000";"13,42431";"719,74622";"8,80301"
"16,11000";"13,43262";"719,71088";"8,80907"
"16,12000";"13,44087";"719,68048";"8,81480"
"16,13000";"13,44912";"719,63043";"8,82009"
"16,14000";"13,45744";"719,58032";"8,82499"
"16,15000";"13,46569";"719,54022";"8,83060"
"16,16000";"13,47406";"719,50623";"8,83713"
"16,17000";"13,48244";"719,47314";"8,84452"
"16,18000";"13,49081";"719,44403";"8,85199"
"16,19000";"13,49919";"719,42584";"8,86012"
"16,20000";"13,50750";"719,40131";"8,86861"
"16,21000";"13,51587";"719,37592";"8,87675"
"16,22000";"13,52425";"719,35193";"8,88373"
"16,23000";"13,53262";"719,32294";"8,89002"
"16,24000";"13,54106";"719,30145";"8,89619"
"16,25000";"13,54943";"719,28143";"8,90186"
"16,26000";"13,55781";"719,26556";"8,90785"
"16,27000";"13,56612";"719,24426";"8,91419"
"16,28000";"13,57444";"719,21521";"8,92096"
"16,29000";"13,58275";"719,18317";"8,92788"
"16,30000";"13,59106";"719,14105";"8,93586"
"16,31000";"13,59943";"719,10040";"8,94428"
"16,32000";"13,60775";"719,06378";"8,95266"
"16,33000";"13,61612";"719,02594";"8,96130"
"16,34000";"13,62444";"718,99817";"8,97008"
"16,35000";"13,63275";"718,95068";"8,97927"
"16,36000";"13,64100";"718,90698";"8,98849"
"16,37000";"13,64931";"718,87115";"8,99746"
"16,38000";"13,65762";"718,82727";"9,00590"
"16,39000";"13,66593";"718,78107";"9,01442"
"16,40000";"13,67425";"718,74274";"9,02340"
"16,41000";"13,68256";"718,70978";"9,03217"
"16,42000";"13,69081";"718,65778";"9,04059"
"16,43000";"13,69906";"718,60254";"9,04878"
"16,44000";"13,70737";"718,55963";"9,05565"
"16,45000";"13,71568";"718,51721";"9,06227"
"16,46000";"13,72406";"718,47455";"9,06844"
"16,47000";"13,73244";"718,43610";"9,07405"
"16,48000";"13,74081";"718,41681";"9,07930"
"16,49000";"13,74918";"718,39124";"9,08416"
"16,50000";"13,75750";"718,36591";"9,08956"
"16,51000";"13,76587";"718,33978";"9,09507"
"16,52000";"13,77431";"718,32324";"9,10130"
"16,53000";"13,78268";"718,30304";"9,10911"
"16,54000";"13,79118";"718,27875";"9,11803"
"16,55000";"13,79956";"718,24951";"9,12710"
"16,56000";"13,80794";"718,22412";"9,13596"
"16,57000";"13,81631";"718,20294";"9,14455"
"16,58000";"13,82462";"718,18719";"9,15326"
"16,59000";"13,83294";"718,14850";"9,16171"
"16,60000";"13,84119";"718,09729";"9,16989"
"16,61000";"13,84956";"718,05029";"9,17794"
"16,62000";"13,85787";"718,00189";"9,18613"
"16,63000";"13,86619";"717,95538";"9,19381"
"16,64000";"13,87443";"717,90271";"9,20065"
"16,65000";"13,88275";"717,86267";"9,20707"
"16,66000";"13,89106";"717,83130";"9,21311"
"16,67000";"13,89931";"717,79004";"9,21941"
"16,68000";"13,90762";"717,73706";"9,22671"
"16,69000";"13,91600";"717,69116";"9,23505"
"16,70000";"13,92431";"717,64655";"9,24405"
"16,71000";"13,93256";"717,60474";"9,25368"
"16,72000";"13,94087";"717,55444";"9,26288"
"16,73000";"13,94919";"717,50336";"9,27151"
"16,74000";"13,95744";"717,45386";"9,27884"
"16,75000";"13,96575";"717,41119";"9,28558"
"16,76000";"13,97406";"717,37091";"9,29224"
"16,77000";"13,98244";"717,32782";"9,29922"
"16,78000";"13,99081";"717,29065";"9,30637"
"16,79000";"13,99919";"717,25549";"9,31408"
"16,80000";"14,00750";"717,23438";"9,32221"
"16,81000";"14,01587";"717,20526";"9,33094"
"16,82000";"14,02425";"717,16907";"9,33960"
"16,83000";"14,03269";"717,13635";"9,34792"
"16,84000";"14,04112";"717,11414";"9,35575"
"16,85000";"14,04956";"717,09363";"9,36284"
"16,86000";"14,05794";"717,06982";"9,36986"
"16,87000";"14,06625";"717,04132";"9,37689"
"16,88000";"14,07456";"717,01544";"9,38343"
"16,89000";"14,08287";"716,97986";"9,38940"
"16,90000";"14,09119";"716,93927";"9,39499"
"16,91000";"14,09950";"716,89062";"9,40121"
"16,92000";"14,10781";"716,83099";"9,40794"
"16,93000";"14,11619";"716,77380";"9,41526"
"16,94000";"14,12444";"716,71472";"9,42297"
"16,95000";"14,13275";"716,66187";"9,43044"
"16,96000";"14,14100";"716,61676";"9,43746"
"16,97000";"14,14925";"716,56970";"9,44448"
"16,98000";"14,15756";"716,51648";"9,45111"
"16,99000";"14,16594";"716,46490";"9,45805"
"17,00000";"14,17425";"716,41498";"9,46496"
"17,01000";"14,18256";"716,37714";"9,47159"
"17,02000";"14,19081";"716,34241";"9,47799"
"17,03000";"14,19912";"716,30066";"9,48494"
"17,04000";"14,20737";"716,25812";"9,49141"
"17,05000";"14,21575";"716,22076";"9,49782"
"17,06000";"14,22406";"716,17194";"9,50551"
"17,07000";"14,23244";"716,12476";"9,51375"
"17,08000";"14,24081";"716,09253";"9,52267"
"17,09000";"14,24919";"716,05951";"9,53097"
"17,10000";"14,25750";"716,02313";"9,53839"
"17,11000";"14,26587";"715,98260";"9,54420"
"17,12000";"14,27425";"715,95428";"9,54862"
"17,13000";"14,28262";"715,91577";"9,55222"
"17,14000";"14,29106";"715,88611";"9,55585"
"17,15000";"14,29944";"715,85217";"9,56025"
"17,16000";"14,30781";"715,82581";"9,56550"
"17,17000";"14,31612";"715,79102";"9,57205"
"17,18000";"14,32444";"715,74158";"9,58012"
"17,19000";"14,33275";"715,70459";"9,58813"
"17,20000";"14,34106";"715,66479";"9,59625"
"17,21000";"14,34944";"715,61920";"9,60397"
"17,22000";"14,35775";"715,57361";"9,61172"
"17,23000";"14,36612";"715,52875";"9,61926"
"17,24000";"14,37444";"715,47919";"9,62693"
"17,25000";"14,38269";"715,42108";"9,63413"
"17,26000";"14,39100";"715,36469";"9,64100"
"17,27000";"14,39931";"715,31317";"9,64754"
"17,28000";"14,40762";"715,26642";"9,65427"
"17,29000";"14,41593";"715,21307";"9,66152"
"17,30000";"14,42425";"715,16022";"9,66917"
"17,31000";"14,43256";"715,10980";"9,67697"
"17,32000";"14,44081";"715,06024";"9,68460"
"17,33000";"14,44906";"715,01233";"9,69169"
"17,34000";"14,45737";"714,96613";"9,69815"
"17,35000";"14,46568";"714,92126";"9,70454"
"17,36000";"14,47406";"714,87958";"9,71123"
"17,37000";"14,48244";"714,82806";"9,71897"
"17,38000";"14,49081";"714,77893";"9,72751"
"17,39000";"14,49918";"714,73901";"9,73548"
"17,40000";"14,50756";"714,70874";"9,74297"
"17,41000";"14,51594";"714,67615";"9,75012"
"17,42000";"14,52431";"714,65277";"9,75738"
"17,43000";"14,53275";"714,62579";"9,76437"
"17,44000";"14,54112";"714,59943";"9,77079"
"17,45000";"14,54956";"714,57202";"9,77658"
"17,46000";"14,55787";"714,53864";"9,78234"
"17,47000";"14,56625";"714,49213";"9,78849"
"17,48000";"14,57456";"714,44476";"9,79512"
"17,49000";"14,58281";"714,40222";"9,80232"
"17,50000";"14,59112";"714,35767";"9,80989"
"17,51000";"14,59944";"714,30316";"9,81793"
"17,52000";"14,60781";"714,24634";"9,82617"
"17,53000";"14,61612";"714,20178";"9,83525"
"17,54000";"14,62444";"714,16772";"9,84596"
"17,55000";"14,63268";"714,11847";"9,85730"
"17,56000";"14,64100";"714,06396";"9,86838"
"17,57000";"14,64925";"713,99823";"9,87823"
"17,58000";"14,65756";"713,94043";"9,88599"
"17,59000";"14,66594";"713,89282";"9,89196"
"17,60000";"14,67425";"713,84552";"9,89748"
"17,61000";"14,68256";"713,79968";"9,90318"
"17,62000";"14,69087";"713,76227";"9,90870"
"17,63000";"14,69912";"713,71027";"9,91430"
"17,64000";"14,70744";"713,64441";"9,92036"
"17,65000";"14,71575";"713,58612";"9,92680"
"17,66000";"14,72412";"713,53943";"9,93401"
"17,67000";"14,73250";"713,49493";"9,94123"
"17,68000";"14,74087";"713,45502";"9,94849"
"17,69000";"14,74919";"713,42468";"9,95502"
"17,70000";"14,75756";"713,40198";"9,96151"
"17,71000";"14,76587";"713,35992";"9,96803"
"17,72000";"14,77425";"713,32434";"9,97428"
"17,73000";"14,78269";"713,28967";"9,98078"
"17,74000";"14,79119";"713,25818";"9,98742"
"17,75000";"14,79956";"713,22314";"9,99429"
"17,76000";"14,80794";"713,19550";"10,00166"
"17,77000";"14,81631";"713,15533";"10,00864"
"17,78000";"14,82456";"713,11707";"10,01504"
"17,79000";"14,83287";"713,06952";"10,02167"
"17,80000";"14,84118";"713,02319";"10,02876"
"17,81000";"14,84950";"712,96216";"10,03572"
"17,82000";"14,85787";"712,89679";"10,04256"
"17,83000";"14,86619";"712,84314";"10,05029"
"17,84000";"14,87450";"712,79205";"10,05933"
"17,85000";"14,88275";"712,73572";"10,06911"
"17,86000";"14,89106";"712,68005";"10,07888"
"17,87000";"14,89931";"712,63062";"10,08807"
"17,88000";"14,90762";"712,55878";"10,09546"
"17,89000";"14,91594";"712,49707";"10,10107"
"17,90000";"14,92425";"712,44049";"10,10573"
"17,91000";"14,93256";"712,37683";"10,10975"
"17,92000";"14,94081";"712,31091";"10,11403"
"17,93000";"14,94912";"712,25891";"10,11897"
"17,94000";"14,95744";"712,20996";"10,12475"
"17,95000";"14,96575";"712,15704";"10,13164"
"17,96000";"14,97412";"712,09857";"10,14038"
"17,97000";"14,98250";"712,05908";"10,15071"
"17,98000";"14,99087";"712,00562";"10,16178"
"17,99000";"14,99925";"711,96167";"10,17195"
"18,00000";"15,00762";"711,93250";"10,18074"
"18,01000";"15,01594";"711,90485";"10,18836"
"18,02000";"15,02431";"711,86774";"10,19513"
"18,03000";"15,03275";"711,82257";"10,20087"
"18,04000";"15,04112";"711,77698";"10,20597"
"18,05000";"15,04956";"711,72900";"10,21103"
"18,06000";"15,05787";"711,67999";"10,21669"
"18,07000";"15,06619";"711,63385";"10,22353"
"18,08000";"15,07450";"711,59216";"10,23187"
"18,09000";"15,08281";"711,54529";"10,24045"
"18,10000";"15,09112";"711,48303";"10,24949"
"18,11000";"15,09943";"711,41980";"10,25867"
"18,12000";"15,10775";"711,35754";"10,26762"
"18,13000";"15,11612";"711,29443";"10,27645"
"18,14000";"15,12437";"711,24365";"10,28500"
"18,15000";"15,13269";"711,19299";"10,29287"
"18,16000";"15,14093";"711,13513";"10,29986"
"18,17000";"15,14925";"711,06805";"10,30584"
"18,18000";"15,15756";"711,01038";"10,31097"
"18,19000";"15,16587";"710,96246";"10,31615"
"18,20000";"15,17425";"710,90936";"10,32105"
"18,21000";"15,18256";"710,86078";"10,32633"
"18,21200";"15,18425";"710,84991";"10,32758"
"18,21400";"15,18587";"710,83917";"10,32885"
"18,22400";"15,19681";"710,79895";"10,33563"
"18,23400";"15,22087";"711,06610";"10,34403"
"18,24400";"15,25968";"712,21368";"10,35403"
"18,25400";"15,31319";"714,96783";"10,36732"
"18,26400";"15,38125";"719,64679";"10,38733"
"18,27400";"15,46331";"726,24921";"10,41682"
"18,28400";"15,55544";"734,49255";"10,45475"
"18,29400";"15,65312";"743,43567";"10,50253"
"18,30400";"15,75425";"752,39105";"10,56207"
"18,31400";"15,85793";"760,99170";"10,63035"
"18,32400";"15,96356";"768,56171";"10,70109"
"18,33400";"16,07081";"775,04462";"10,77753"
"18,34400";"16,17850";"780,39038";"10,85861"
"18,35400";"16,28306";"784,54657";"10,94312"
"18,36400";"16,38287";"787,66321";"11,02999"
"18,37400";"16,47737";"789,51947";"11,11926"
"18,38400";"16,56731";"790,47369";"11,20599"
"18,39400";"16,65375";"790,62433";"11,29155"
"18,40400";"16,73800";"790,04669";"11,37532"
"18,41400";"16,82112";"789,11304";"11,45411"
"18,42400";"16,90400";"787,96851";"11,53029"
"18,43400";"16,98706";"786,77460";"11,60644"
"18,44400";"17,07068";"785,58063";"11,68440"
"18,45400";"17,15475";"784,43085";"11,76187"
"18,46400";"17,23919";"783,31818";"11,83900"
"18,47400";"17,32381";"782,27985";"11,91530"
"18,48400";"17,40862";"781,15106";"11,99213"
"18,49400";"17,49331";"779,89990";"12,07201"
"18,50400";"17,57793";"778,72754";"12,15248"
"18,51400";"17,66237";"777,26813";"12,23452"
"18,52400";"17,74656";"775,67236";"12,31902"
"18,53400";"17,83062";"774,16614";"12,40254"
"18,54400";"17,91456";"772,24976";"12,48612"
"18,55400";"17,99825";"770,28821";"12,56982"
"18,56400";"18,08187";"768,35828";"12,65167"
"18,57400";"18,16543";"765,98846";"12,73073"
"18,58400";"18,24893";"763,75098";"12,81384"
"18,59400";"18,33244";"761,44403";"12,89780"
"18,60400";"18,41594";"758,68005";"12,98049"
"18,61400";"18,49943";"756,14886";"13,06824"
"18,62400";"18,58294";"753,50201";"13,15705"
"18,63400";"18,66650";"750,41650";"13,24496"
"18,64400";"18,75000";"747,57135";"13,33360"
"18,65400";"18,83350";"744,60870";"13,42060"
"18,66400";"18,91700";"741,25183";"13,50823"
"18,67400";"19,00037";"738,05682";"13,59744"
"18,68400";"19,08375";"734,74469";"13,68601"
"18,69400";"19,16712";"731,09845";"13,77243"
"18,70400";"19,25043";"727,61816";"13,86279"
"18,71400";"19,33381";"724,03162";"13,95442"
"18,72400";"19,41725";"720,14490";"14,04274"
"18,73400";"19,50068";"716,39917";"14,13423"
"18,74400";"19,58406";"712,54907";"14,22691"
"18,75400";"19,66750";"708,40112";"14,31909"
"18,76400";"19,75087";"704,37952";"14,41355"
"18,77400";"19,83425";"700,23572";"14,50552"
"18,78400";"19,91756";"695,72443";"14,59267"
"18,79400";"20,00081";"691,31799";"14,68181"
"18,80400";"20,08418";"686,78381";"14,77445"
"18,81400";"20,16750";"681,85309";"14,86411"
"18,82400";"20,25081";"677,00128";"14,95366"
"18,83400";"20,33418";"671,99066";"15,04507"
"18,84400";"20,41762";"666,57178";"15,13638"
"18,85400";"20,50100";"661,21625";"15,23086"
"18,86400";"20,58431";"655,64288";"15,32695"
"18,87400";"20,66768";"649,69202";"15,42133"
"18,88400";"20,75100";"643,83844";"15,51667"
"18,89400";"20,83425";"637,76569";"15,61349"
"18,90400";"20,91756";"631,42334";"15,70809"
"18,91400";"21,00087";"625,30646";"15,80370"
"18,92400";"21,08425";"619,10516";"15,89896"
"18,93400";"21,16756";"612,79834";"15,99245"
"18,94400";"21,25093";"606,88928";"16,08720"
"18,95400";"21,33437";"601,03619";"16,18258"
"18,96400";"21,41768";"595,19617";"16,27874"
"18,97400";"21,50100";"589,83221";"16,37696"
"18,98400";"21,58437";"584,61444";"16,47407"
"18,99400";"21,66762";"579,48486";"16,56890"
"19,00400";"21,75093";"574,85205";"16,66421"
"19,01400";"21,83418";"570,36780";"16,75706"
"19,02400";"21,91750";"565,95056";"16,84979"
"19,03400";"22,00081";"561,97467";"16,94635"
"19,04400";"22,08418";"558,14941";"17,04337"
"19,05400";"22,16756";"554,41235";"17,13771"
"19,06400";"22,25093";"551,17047";"17,23156"
"19,07400";"22,33431";"548,14410";"17,32253"
"19,08400";"22,41768";"545,19208";"17,41402"
"19,09400";"22,50106";"542,67371";"17,50715"
"19,10400";"22,58443";"540,31519";"17,60057"
"19,11400";"22,66775";"537,98755";"17,69536"
"19,12400";"22,75100";"536,05200";"17,79004"
"19,13400";"22,83437";"534,18573";"17,88164"
"19,14400";"22,91768";"532,29211";"17,96892"
"19,15400";"23,00100";"530,75189";"18,05971"
"19,16400";"23,08431";"529,22815";"18,14898"
"19,17400";"23,16768";"527,68781";"18,23639"
"19,18400";"23,25106";"526,45398";"18,32649"
"19,19400";"23,33443";"525,19037";"18,41293"
"19,20400";"23,41775";"523,83350";"18,49638"
"19,21400";"23,50106";"522,71790";"18,58229"
"19,22400";"23,58437";"521,60284";"18,66827"
"19,23400";"23,66768";"520,38953";"18,75490"
"19,24400";"23,75100";"519,42542";"18,84178"
"19,25400";"23,83431";"518,47412";"18,92731"
"19,26400";"23,91768";"517,40869";"19,01262"
"19,27400";"24,00106";"516,59503";"19,09981"
"19,28400";"24,08443";"515,83051";"19,18712"
"19,29400";"24,16781";"514,94019";"19,27254"
"19,30400";"24,25112";"514,33051";"19,36269"
"19,31400";"24,33443";"513,72064";"19,45405"
"19,32400";"24,41775";"512,87177";"19,54258"
"19,33400";"24,50100";"512,33008";"19,63007"
"19,34400";"24,58431";"511,87073";"19,71550"
"19,35400";"24,66762";"511,11249";"19,80054"
"19,36400";"24,75093";"510,62723";"19,88839"
"19,37400";"24,83425";"510,21521";"19,97368"
"19,38400";"24,91768";"509,49448";"20,05692"
"19,39400";"25,00106";"508,96634";"20,14372"
"19,40400";"25,08443";"508,43124";"20,23233"
"19,41400";"25,16781";"507,64359";"20,31948"
"19,42400";"25,25106";"507,07144";"20,41039"
"19,43400";"25,33437";"506,43231";"20,50080"
"19,44400";"25,41768";"505,54431";"20,58511"
"19,45400";"25,50093";"504,92603";"20,66941"
"19,46400";"25,58425";"504,17801";"20,75338"
"19,47400";"25,66756";"503,15665";"20,83659"
"19,48400";"25,75093";"502,44379";"20,92061"
"19,49400";"25,83431";"501,56924";"21,00665"
"19,50400";"25,91768";"500,29465";"21,09358"
"19,51400";"26,00100";"498,77829";"21,18072"
"19,52400";"26,08437";"496,04874";"21,26902"
"19,53400";"26,16768";"492,26328";"21,36013"
"19,54400";"26,25093";"488,48224";"21,45547"
"19,55400";"26,33425";"484,71182";"21,54819"
"19,56400";"26,41756";"481,00464";"21,63966"
"19,57400";"26,50087";"477,87436";"21,73026"
"19,58400";"26,58425";"474,84647";"21,81958"
"19,59400";"26,66762";"471,83618";"21,90873"
"19,60400";"26,75093";"469,25644";"22,00045"
"19,61400";"26,83431";"466,52393";"22,09083"
"19,62400";"26,91768";"463,56488";"22,17987"
"19,63400";"27,00100";"460,70706";"22,26721"
"19,64400";"27,08425";"457,34579";"22,35717"
"19,65400";"27,16750";"453,47906";"22,44864"
"19,66400";"27,25081";"449,65970";"22,54291"
"19,67400";"27,33418";"445,59042";"22,63723"
"19,68400";"27,41756";"441,29184";"22,73438"
"19,69400";"27,50093";"437,25598";"22,83179"
"19,70400";"27,58437";"433,15952";"22,92945"
"19,71400";"27,66781";"428,87454";"23,02845"
"19,72400";"27,75112";"424,62140";"23,12823"
"19,73400";"27,83450";"419,83923";"23,22566"
"19,74400";"27,91774";"414,48038";"23,32317"
"19,75400";"28,00100";"408,91937";"23,42329"
"19,76400";"28,08431";"402,86963";"23,52330"
"19,77400";"28,16762";"396,18314";"23,62658"
"19,78400";"28,25093";"381,98331";"23,73096"
"19,79400";"28,33431";"302,90915";"23,86651"
"19,79800";"28,36769";"259,31808";"23,95987"
